Module No,Module Nsme,"Complexity (Beginner, Standard, Expert)",Question,Option 1,Option 2,Option 3,Option 4,Correct Answer,Explanation,,,,,,,,,,,,
1,IFRS 17 Fundamentals,Beginner,What is the primary objective of IFRS 17?,To standardize insurance accounting globally,To replace IFRS 16,To define financial instruments,To measure investment property,To standardize insurance accounting globally,IFRS 17 aims to create a consistent accounting framework for insurance contracts to improve transparency and comparability.,,,,,,,,,,,,
1,IFRS 17 Fundamentals,Beginner,Who introduced IFRS 17?,Financial Accounting Standards Board (FASB),International Actuarial Association (IAA),International Monetary Fund (IMF),International Accounting Standards Board (IASB),International Accounting Standards Board (IASB),"IFRS 17 was introduced by the IASB, the body responsible for IFRS standards.",,,,,,,,,,,,
1,IFRS 17 Fundamentals,Beginner,What does IFRS 17 replace?,IAS 37,IFRS 4,IFRS 9,IAS 40,IFRS 4,"IFRS 17 replaced IFRS 4, which was an interim standard.",,,,,,,,,,,,Beginner
1,IFRS 17 Fundamentals,Beginner,Which of the following was a key limitation of IFRS 4 that IFRS 17 aimed to address?,Lack of disclosure requirements,Absence of actuarial involvement,Inconsistent measurement of insurance contracts across entities,Over-reliance on fair value,Inconsistent measurement of insurance contracts across entities,"Under IFRS 4, insurers used different measurement bases depending on local practices. IFRS 17 introduced a consistent measurement framework.",,,,,,,,,,,,
1,IFRS 17 Fundamentals,Beginner,What was the official date of initial application for IFRS 17?,1st January 2022,31st December 2022,1st January 2023,1st January 2021,1st January 2023,The initial application date for IFRS 17 was 1st January 2023.,,,,,,,,,,,,Standard
1,IFRS 17 Fundamentals,Beginner,What does IFRS 17 apply to?,All insurance entities only,Any entity issuing insurance contracts,Reinsurers only,Investment banks only,Any entity issuing insurance contracts,"This reflects IFRS 17's scope, which applies to any entity that issues insurance contracts.",,,,,,,,,,,,Expert
1,IFRS 17 Fundamentals,Standard,How does IFRS 17 define an insurance contract?,Contract transferring insurance risk,Contract transferring investment risk,Contract transferring liquidity risk,Contract for investment advice,Contract transferring insurance risk,This captures the essential element of IFRS 17: transferring insurance risk from policyholder to insurer.,,,,,,,,,,,,
1,IFRS 17 Fundamentals,Standard,How does IFRS 17 define 'insurance risk'?,The risk of policyholder default,The risk of future investment losses,The risk transferred from the policyholder to the insurer due to uncertain future events,Exchange rate risk,The risk transferred from the policyholder to the insurer due to uncertain future events,Insurance risk under IFRS 17 involves uncertainty about future events that may trigger insurer payment.,,,,,,,,,,,,
1,IFRS 17 Fundamentals,Standard,Which of the following contracts falls under the scope of IFRS 17?,Product warranty issued by a retailer,Lease contract under IFRS 16,Financial guarantee contract under IFRS 9,Reinsurance contract held by an insurer,Reinsurance contract held by an insurer,Reinsurance contracts held are explicitly included under IFRS 17's scope.,,,,,,,,,,,,
1,IFRS 17 Fundamentals,Standard,Which contracts are only within IFRS 17 if the issuer also issues insurance contracts?,Leases,Derivatives,Term Deposits,Investment contracts with discretionary participation features,Investment contracts with discretionary participation features,These contracts are only within the scope of IFRS 17 if issued by entities that also issue insurance contracts.,,,,,,,,,,,,
1,IFRS 17 Fundamentals,Standard,Are product warranties issued by a retailer within IFRS 17?,"Yes, always","No, they fall under IAS 37",Only for 12-month terms,"Yes, if embedded in insurance","No, they fall under IAS 37","Retail product warranties are covered by IAS 37, not IFRS 17.",,,,,,,,,,,,
1,IFRS 17 Fundamentals,Standard,What type of contract is explicitly excluded from IFRS 17 scope?,Group life insurance,Reinsurance contracts,Insurance-linked investments,Financial guarantees (under IFRS 9),Financial guarantees (under IFRS 9),Financial guarantee contracts are usually treated under IFRS 9 unless specifically designated as insurance.,,,,,,,,,,,,
1,IFRS 17 Fundamentals,Standard,Fixed-fee service contracts may be accounted for under IFRS 15 instead of IFRS 17 when,Payments are made in cash,The price reflects individual customer risk,Compensation is provided through services and insurance risk arises mainly from service usage,The contract includes discretionary bonuses,Compensation is provided through services and insurance risk arises mainly from service usage,"IFRS 15 may be applied when the contract is service-oriented, fixed-fee, and insurance risk arises mainly from service usage rather than cost uncertainty.",,,,,,,,,,,,
2,Combination & Separation of Insurance Contracts,Standard,Which contracts are within the scope of IFRS 17?,Only life insurance contracts,Only property and casualty insurance,"Insurance contracts, reinsurance contracts, and investment contracts with DPF",Banking products only,"Insurance contracts, reinsurance contracts, and investment contracts with DPF","IFRS 17 covers insurance contracts issued, reinsurance held, and investment contracts with discretionary participation features.",,,,,,,,,,,,
2,Combination & Separation of Insurance Contracts,Standard,When should an insurance contract be recognized?,When the contract is signed,"At the beginning of coverage period, when first payment is due, or when onerous",Only when claims are made,At the end of the coverage period,"At the beginning of coverage period, when first payment is due, or when onerous","Recognition occurs at the earliest of: coverage beginning, first payment due, or when a group becomes onerous.",,,,,,,,,,,,
2,Combination & Separation of Insurance Contracts,Standard,What is a 'portfolio' under IFRS 17?,All contracts in the company,Contracts subject to similar risks and managed together,Only profitable contracts,Contracts from the same year,Contracts subject to similar risks and managed together,A portfolio comprises contracts with similar risks that are managed together.,,,,,,,,,,,,
2,Combination & Separation of Insurance Contracts,Expert,"An insurer enters into two separate contracts with the same policyholder at the same time. Contract A provides insurance coverage, while Contract B negates the financial exposure of Contract A entirely. According to IFRS 17, how should the insurer report these contracts?",Treat the contracts as a single arrangement because they achieve an overall commercial effect,Report both contracts separately as independent arrangements,Recognize only Contract A since it was issued first,Disclose both contracts but report them under IFRS 9,Treat the contracts as a single arrangement because they achieve an overall commercial effect,"When contracts are designed to achieve an overall commercial effect (such as one negating the obligations of another), IFRS 17 requires treating them as a single arrangement to reflect the economic substance.",,,,,,,,,,,,
2,Combination & Separation of Insurance Contracts,Expert,"An insurer bundles multiple policies for a corporate client into a package with interdependent pricing. Some policies provide coverage, while others hedge specific risks associated with the insured entity. Under IFRS 17, how should these contracts be accounted for?",Each contract must be evaluated individually regardless of interdependencies,The bundled contracts should be treated as a single unit if they collectively achieve an overall commercial effect,Contracts should be separated since they have different durations,Each contract should be reported based on legal form rather than economic substance,The bundled contracts should be treated as a single unit if they collectively achieve an overall commercial effect,IFRS 17 mandates that contracts designed to work together as a package with shared pricing or risk mitigation should be combined to reflect their true economic impact.,,,,,,,,,,,,
2,Combination & Separation of Insurance Contracts,Expert,Which of the following scenarios would not require the combination of contracts under IFRS 17?,"Two insurance contracts issued simultaneously to the same policyholder, with pricing designed to work together",A reinsurance contract that fully offsets the risk of an insurance policy issued by the same insurer,An insurance contract and an investment product sold separately with no dependency in pricing or risk,A life insurance contract and a rider that cancels all coverage in the main policy,An insurance contract and an investment product sold separately with no dependency in pricing or risk,"If contracts have no interdependent pricing or risk structure, they do not need to be combined under IFRS 17. Separation is appropriate in such cases.",,,,,,,,,,,,
2,Combination & Separation of Insurance Contracts,Expert,A life insurer offers a package where a main policy includes both insurance coverage and an investment component. The investment feature provides financial returns that could exist independently without the insurance portion. How should the insurer treat this arrangement under IFRS 17?,Recognize it as a single insurance contract,Treat the entire contract under IFRS 9,Combine the investment component only if it exceeds 50% of total premiums,Separate the investment component if it can be sold independently,Separate the investment component if it can be sold independently,"IFRS 17 requires separating investment components if they can function independently, ensuring accurate financial reporting.",,,,,,,,,,,,
2,Combination & Separation of Insurance Contracts,Expert,An insurer issues two separate policies to the same corporate client—one covering property damage and another covering business interruption losses linked to that property. The premiums are interdependent and structured as a bundle to provide a cohesive risk solution. What is the appropriate IFRS 17 treatment?,The contracts should always be separated,The contracts should be combined if pricing is interdependent,The contracts must be accounted for under IFRS 9,The contracts should be combined only if policyholders request it,The contracts should be combined if pricing is interdependent,"IFRS 17 requires combining contracts that are designed to function together commercially, particularly if pricing reflects mutual risk dependencies.",,,,,,,,,,,,
2,Combination & Separation of Insurance Contracts,Standard,"When an insurance contract contains a distinct investment component, how should it be treated under IFRS 17?",Included in insurance revenue,Separated and accounted for under IFRS 9,Reported as part of the contractual service margin,Disclosed only in the notes to financial statements,Separated and accounted for under IFRS 9,"IFRS 17 requires separating investment components if they can function independently, ensuring accurate financial reporting.",,,,,,,,,,,,
2,Combination & Separation of Insurance Contracts,Standard,Which factor is most relevant in determining whether contracts should be combined under IFRS 17?,Identical premium amounts,Same reporting period,Negotiated together with the same counterparty,Similar types of risk coverage,Negotiated together with the same counterparty,"IFRS 17 requires separating investment components if they can function independently, ensuring accurate financial reporting.",,,,,,,,,,,,
2,Combination & Separation of Insurance Contracts,Standard,Which of the following is not a reason to separate components of an insurance contract under IFRS 17,Presence of a distinct service component,Presence of a distinct investment component,To comply with regulatory capital requirements,Presence of a distinct performance obligation outside insurance coverage,To comply with regulatory capital requirements,"IFRS 17 requires separating investment components if they can function independently, ensuring accurate financial reporting.",,,,,,,,,,,,
3,Level of Aggregation,Beginner,What is the main purpose of aggregation under IFRS 17?,To reduce the number of contracts reported,To ensure accurate timing of profit and loss recognition,To make contract management easier,To avoid having to assess individual contracts,To ensure accurate timing of profit and loss recognition,Aggregation helps ensure that profits and losses are recognized accurately and consistently in financial reporting.,,,,,,,,,,,,
3,Level of Aggregation,Beginner,Which of the following best describes the “level of aggregation” under IFRS 17?,Grouping all insurance contracts into a single portfolio for simplicity,"Grouping contracts by portfolio, expected profitability, and issue date to measure them consistently",Aggregating only contracts with similar premiums,Aggregating contracts only for reporting purposes,"Grouping contracts by portfolio, expected profitability, and issue date to measure them consistently",Level of aggregation ensures contracts with similar risk and profitability characteristics are grouped for consistent measurement.,,,,,,,,,,,,
3,Level of Aggregation,Beginner,"Under IFRS 17, contracts grouped into the same portfolio must share:",The same inception date,The same profit margin,The same policyholder,Similar risk characteristics and management structure,Similar risk characteristics and management structure,Portfolios are formed based on risk similarity and being managed together.,,,,,,,,,,,,
3,Level of Aggregation,Standard,How far apart can contract issuance dates be within the same group?,Any number of years,Two years,Not more than one year,Three years if risk is similar,Not more than one year,IFRS 17 requires that all contracts in a group are issued no more than one year apart.,,,,,,,,,,,,
3,Level of Aggregation,Standard,IFRS 17 allows contracts to be grouped together if they are issued within a short period. What is the main reason for this time restriction?,To simplify accounting for all contracts issued in a year,To ensure that contracts written at different times but with similar risks are assessed for expected profitability consistently,To allow the insurer to change discount rates mid-year,To reduce the number of groups for regulatory reporting,To ensure that contracts written at different times but with similar risks are assessed for expected profitability consistently,The short-period restriction ensures contracts issued close together are grouped so that expected profitability and risk assumptions are applied consistently within the group.,,,,,,,,,,,,
3,Level of Aggregation,Standard,"Under IFRS 17, how are contracts issued at different times but in the same portfolio treated?",They must always be grouped together regardless of issue date,Each contract is always measured individually,Grouping depends solely on profitability,They can be grouped if issued within a 12-month period and otherwise meet portfolio criteria,They can be grouped if issued within a 12-month period and otherwise meet portfolio criteria,Contracts can be grouped if issued within a short period (typically 12 months) and belong to the same portfolio with similar risks.,,,,,,,,,,,,
3,Level of Aggregation,Standard,What is the first step in the aggregation process under IFRS 17?,Grouping by issuance year,Subdividing portfolios,Grouping by portfolio,Assessing profitability,Grouping by portfolio,Aggregation begins by forming portfolios based on similar risks and management structures.,,,,,,,,,,,,
3,Level of Aggregation,Standard,"Under IFRS 17, why are insurers not allowed to reassess contract groups after initial recognition?",To maintain consistency and transparency in reporting,To reduce workload,To allow for more flexibility later,Because contracts cannot change after issuance,To maintain consistency and transparency in reporting,"Fixing the groupings at initial recognition supports consistent, unbiased financial reporting over time.",,,,,,,,,,,,
3,Level of Aggregation,Standard,How does IFRS 17 recommend handling groups of contracts under the Premium Allocation Approach (PAA)?,Assume they are always profitable,Assume all contracts are onerous,Group them based on product type only,Assume none are onerous at initial recognition unless facts suggest otherwise,Assume none are onerous at initial recognition unless facts suggest otherwise,"IFRS 17 allows insurers applying the PAA to assume contracts are not onerous at initial recognition, unless evidence indicates otherwise.",,,,,,,,,,,,
3,Level of Aggregation,Expert,Which of the following is true regarding contracts measured under the Premium Allocation Approach (PAA)?,"PAA contracts are grouped by portfolio and expected profitability, but timing of cash flows is simplified",They are always grouped with General Measurement Model (GMM) contracts,PAA contracts are measured individually without any aggregation,Onerous assessment is not required for PAA contracts,"PAA contracts are grouped by portfolio and expected profitability, but timing of cash flows is simplified","PAA simplifies measurement but aggregation rules still apply, contracts are grouped by portfolio, expected profitability, and issue date, with simplified cash flow assumptions.",,,,,,,,,,,,
3,Level of Aggregation,Expert,What additional check must be done for policies eligible for the General Measurement Model (GMM)?,Verification of market premium rates,Sensitivity testing and internal report reviews,Reinsurance matching,Underwriter interviews,Sensitivity testing and internal report reviews,Sensitivity testing and internal reporting are used to confirm profitability assumptions for GMM-eligible contracts.,,,,,,,,,,,,
3,Level of Aggregation,Beginner,Which of the following best describes a 'portfolio' under IFRS 17?,A collection of policies sold by one agent,Contracts grouped based on risk and management similarity,Contracts grouped by coverage period,All insurance contracts issued in one year,Contracts grouped based on risk and management similarity,A portfolio consists of contracts that have similar risk characteristics and are managed together.,,,,,,,,,,,,
3,Level of Aggregation,Expert,What should an entity use to assess whether a contract might become onerous later?,Market interest rates,Past claims history only,Likelihood of changes in applicable facts and circumstances,Broker recommendations,Likelihood of changes in applicable facts and circumstances,Entities must consider whether new or changing circumstances might render a contract onerous in the future.,,,,,,,,,,,,
3,Level of Aggregation,Expert,What happens if a contract becomes onerous after initial recognition?,The group composition remains unchanged,It is moved to the 'onerous' group retroactively,The contract is cancelled,A new group is created,The group composition remains unchanged,"Group compositions are fixed at initial recognition, even if a contract’s status changes later.",,,,,,,,,,,,
3,Level of Aggregation,Expert,"For contracts in the same portfolio, IFRS 17 allows groups to be re-evaluated in specific circumstances. Which scenario permits such a reassessment?",If new contracts are issued in the same portfolio after the initial recognition period,If the insurer changes its discount rate assumptions,IFRS 17 does not allow reassessment of groups after initial recognition,If management wants to offset new losses against existing profits,IFRS 17 does not allow reassessment of groups after initial recognition,"Once a group is formed at initial recognition, it cannot be reassessed, ensuring that expected profits and losses are not manipulated post-recognition.",,,,,,,,,,,,
3,Level of Aggregation,Beginner,What is the maximum number of groups required per portfolio under IFRS 17?,2,3,4,Unlimited,3,"Each portfolio must be split into at least three groups: onerous, no significant risk, and others.",,,,,,,,,,,,
3,Level of Aggregation,Beginner,Why does IFRS 17 prohibit grouping profitable and onerous contracts together?,To simplify actuarial modeling,To reduce disclosure requirements,To align with tax reporting,To ensure transparent loss recognition,To ensure transparent loss recognition,Mixing would obscure losses from onerous contracts.,,,,,,,,,,,,
3,Level of Aggregation,Beginner,How does the level of aggregation affect disclosure requirements?,It increases transparency in reporting,It reduces disclosure requirements,It eliminates disclosure requirements,It allows insurers to choose disclosure freely,It increases transparency in reporting,Aggregation ensures clear disclosure of profitability and risk.,,,,,,,,,,,,
3,Level of Aggregation,Beginner,What is the definition of a “group of insurance contracts” under IFRS 17?,Contracts grouped by distribution channel,Contracts grouped by issuance date only,Contracts grouped by profitability and risk characteristics within a portfolio,Contracts grouped by policyholder demographics,Contracts grouped by profitability and risk characteristics within a portfolio,"A group is the subdivision of a portfolio based on profitability and risk, ensuring consistent measurement",,,,,,,,,,,,
3,Level of Aggregation,Beginner,What is the first distinction made when grouping contracts under IFRS 17?,By distribution channel,By profitability (onerous vs. non?onerous),By policyholder age,By issuance date,By profitability (onerous vs. non?onerous),"The first subdivision of a portfolio is based on whether contracts are onerous, have no significant risk of becoming onerous, or are other profitable contracts",,,,,,,,,,,,
3,Level of Aggregation,Expert,"When determining groups at initial recognition, how should expected profitability be assessed?",Using prior year averages, Using actual results only,"Using unbiased, probability?weighted future cash flow estimates",Using management’s best case scenario,"Using unbiased, probability?weighted future cash flow estimates","Grouping hinges on forward?looking, unbiased, probability?weighted estimates of future cash flows to identify onerous vs. profitable groups.",,,,,,,,,,,,
3,Level of Aggregation,Expert,How does the level of aggregation influence the allocation and release of the risk adjustment?,It is measured and released at the group level reflecting uncertainty in fulfilment cash flows,It is allocated at the entity level and released uniformly,It is determined at the portfolio level and released by line of business,It is only relevant for onerous groups,It is measured and released at the group level reflecting uncertainty in fulfilment cash flows,The risk adjustment is measured at the group level and released over time to reflect non?financial risk inherent in each group’s fulfilment cash flows.,,,,,,,,,,,,
3,Level of Aggregation,Expert,"Under the General Measurement Model (GMM), how does aggregation affect the contractual service margin (CSM)?",CSM is measured per contract and aggregated later,CSM is measured and tracked at the group level and released with coverage units,CSM is optional for profitable groups,CSM is released only at portfolio level,CSM is measured and tracked at the group level and released with coverage units,"CSM is a group?level measure; its release pattern follows coverage units for that group, directly tying profit recognition to service provided.",,,,,,,,,,,,
3,Level of Aggregation,Expert,How should reinsurance contracts held be grouped relative to underlying direct insurance contracts?,Combined with the direct insurance groups,Grouped by the cedant’s distribution channel,Grouped separately under IFRS 17 with their own profitability assessment,Grouped only by inception date across all lines,Grouped separately under IFRS 17 with their own profitability assessment,"Reinsurance contracts held are accounted for separately from direct insurance, with their own portfolios and groups based on expected profitability.",,,,,,,,,,,,
3,Level of Aggregation,Expert,How does the one?year issuance rule interact with the recognition of the contractual service margin (CSM)?,It has no impact on CSM,It allows CSM to be aggregated across multiple years,It eliminates the need for CSM in short?term contracts,It ensures CSM is tracked separately for groups issued in different annual cohorts,It ensures CSM is tracked separately for groups issued in different annual cohorts,"Because contracts issued more than one year apart must be in separate groups, the CSM is recognized and released separately for each annual cohort, preventing cross?subsidization of profitability across different issuance periods.",,,,,,,,,,,,
4,Recognition of Insurance Contracts,Beginner,At what point does an insurance contract qualify for recognition under IFRS 17?,When the premium is fully paid,When the contract creates enforceable rights and obligations,When the contract us approved by management,When the policy document is issued to the policyholder,When the contract creates enforceable rights and obligations,"Under IFRS 17, an insurance contract exists once it creates enforceable rights and obligations between the insurer and the policyholder. Recognition is not dependent on premium payment, management approval, or physical issuance of policy documents. The key criterion is enforceability.",,,,,,,,,,,,
4,Recognition of Insurance Contracts,Beginner,When must a group of insurance contracts be recognized under IFRS 17?,At the end of the reporting period,When the last payment is received,When the policyholder signs the contract,"At the earliest of the coverage period start, first payment due, or when the group becomes onerous","At the earliest of the coverage period start, first payment due, or when the group becomes onerous",IFRS 17 requires recognition at the earliest of these three trigger events.,,,,,,,,,,,,
4,Recognition of Insurance Contracts,Beginner,"If there is no contractual due date for the first payment, when is it considered due?",At the end of the month,When it is received,After coverage starts,When billed,When it is received,"IFRS 17 states that if no due date is set, the payment is considered due when received.",,,,,,,,,,,,
4,Recognition of Insurance Contracts,Standard,When should an insurer assess if a contract is onerous?,After recognition,Before the earlier of coverage start or payment due,At the end of the financial year,Only when a loss is reported,Before the earlier of coverage start or payment due,The standard requires a pre-recognition assessment if there's an indication of onerousness.,,,,,,,,,,,,
4,Recognition of Insurance Contracts,Standard,Does IFRS 17 permit recognition of insurance contracts before they are issued?,"No, recognition cannot occur before issuance","Yes, if the premiums are measurable","Yes, if the contract is expected to be profitable",Only for reinsurance contracts,"No, recognition cannot occur before issuance","IFRS 17 explicitly prohibits recognition of insurance contracts before the issue date. Even if future premiums and cash flows can be estimated, the contract cannot be recognised until it has been issued and enforceable rights and obligations exist.",,,,,,,,,,,,
4,Recognition of Insurance Contracts,Standard,What is the impact of recognition timing on insurance acquisition cash flows (IACFs)?,"IACFs are always expensed immediately, regardless of timing",Recognition timing determines whether IACFs are deferred or expensed,"Recognition timing only affects disclosure, not measurement",IACFs are recognised only when claims are paid,Recognition timing determines whether IACFs are deferred or expensed,"The timing of initial recognition determines whether insurance acquisition cash flows are capitalised as an asset and allocated to contract groups, or expensed immediately. Incorrect recognition timing can therefore lead to misstated profits and assets.",,,,,,,,,,,,
4,Recognition of Insurance Contracts,Expert,What is the treatment if IACFs are not immediately expensed?,They are recognized as an asset or liability,They are deferred revenue,They are added to the CSM,They are amortized over the contract term,They are recognized as an asset or liability,IACFs are treated separately until the related group is recognized.,,,,,,,,,,,,
4,Recognition of Insurance Contracts,Standard,When is the acquisition asset or liability removed from the books?,When the last premium is received,When the policyholder cancels,When the related group of contracts is recognized,At the year-end,When the related group of contracts is recognized,The asset or liability is derecognized at the point of group recognition.,,,,,,,,,,,,
4,Recognition of Insurance Contracts,Beginner,What is the condition for including a contract in a group?,It must be active,It must be issued by the end of the reporting period,It must be profitable,It must be short-term,It must be issued by the end of the reporting period,Only contracts issued by the end of the reporting period are included.,,,,,,,,,,,,
4,Recognition of Insurance Contracts,Expert,What happens if new contracts added to a group affect the discount rate?,The rate must be updated and applied from the start of the reporting period,Nothing changes,It only applies to new contracts,The group must be split,The rate must be updated and applied from the start of the reporting period,The standard requires adjusting the initial discount rate retroactively to the start of the reporting period.,,,,,,,,,,,,
4,Recognition of Insurance Contracts,Expert,Which of the following is TRUE regarding onerous contracts?,They must be recognized immediately,They are ignored under IFRS 17,They are grouped with profitable contracts,They are only assessed annually,They must be recognized immediately,Onerous groups must be recognized as soon as they become onerous.,,,,,,,,,,,,
4,Recognition of Insurance Contracts,Standard,How often can the discount rate be changed for a group?,Monthly,Only if new contracts are added that change it,Once a year,Never,Only if new contracts are added that change it,The rate is updated only if new contracts added after the reporting period affect it.,,,,,,,,,,,,
4,Recognition of Insurance Contracts,Beginner,Why is the initial recognition timing important under IFRS 17?,It helps identify reinsurers,It is used to calculate tax,It helps with customer satisfaction,It determines when revenue and expenses are recorded,It determines when revenue and expenses are recorded,"Proper timing ensures that revenue, risk, and costs are reported accurately.",,,,,,,,,,,,
4,Recognition of Insurance Contracts,Expert,How can delayed initial recognition of a contract affect the identification of onerous groups?,"It has no effect, as onerous assessment is only done annually",It reduces the likelihood of contracts being onerous,"It only affects discount rates, not profitability",It can delay or distort the identification of loss-making contracts,It can delay or distort the identification of loss-making contracts,"Onerous assessments are performed at initial recognition. Delaying recognition may postpone or distort the assessment of expected profitability, potentially delaying loss recognition and undermining the objective of timely and transparent financial reporting under IFRS 17.",,,,,,,,,,,,
4,Recognition of Insurance Contracts,Expert,Some contracts in a portfolio are borderline profitable at initial recognition. How should IFRS 17 treat them?,Include in the profitable group automatically,Include in the onerous group,Group separately to assess for onerousness,Exclude until actual cash flows are observed,Group separately to assess for onerousness,"Borderline contracts must be grouped separately to assess if they are onerous, ensuring expected losses are recognised timely.",,,,,,,,,,,,
4,Recognition of Insurance Contracts,Beginner,When does an insurer first apply IFRS 17 recognition rules to a contract?,At the signing of the policy application,When the contract meets the definition of an insurance contract,When the insurer receives regulatory approval,At the end of the reporting period,When the contract meets the definition of an insurance contract,"Recognition begins when a contract meets the definition of an insurance contract under IFRS 17, not merely at application or regulatory approval.",,,,,,,,,,,,
4,Recognition of Insurance Contracts,Beginner,What is the minimum unit of account for recognition under IFRS 17?,Individual policyholder,Portfolio of contracts,Group of contracts,Entire insurance company,Group of contracts,"IFRS 17 requires recognition at the group of contracts level, which is the minimum unit of account.",,,,,,,,,,,,
4,Recognition of Insurance Contracts,Beginner,Which of the following is considered at recognition?,Fulfilment cash flows and contractual service margin (CSM),Expected future cash flows only,Discount rates only,Premium allocation approach only,Fulfilment cash flows and contractual service margin (CSM),"At recognition, insurers measure fulfilment cash flows and establish the contractual service margin (CSM).",,,,,,,,,,,,
4,Recognition of Insurance Contracts,Beginner,What is the role of the portfolio definition in recognition?,It determines the reporting currency,It defines contracts subject to similar risks and managed together,It sets the discount rate,It determines acquisition cash flows,It defines contracts subject to similar risks and managed together,"A portfolio groups contracts subject to similar risks and managed together, forming the basis for recognition.",,,,,,,,,,,,
4,Recognition of Insurance Contracts,Beginner,Which recognition principle applies to short-duration contracts under IFRS 17?,They are exempt from recognition,They are recognized only at maturity,They are recognized only if onerous,They must be recognized using the premium allocation approach (PAA) if eligible,They must be recognized using the premium allocation approach (PAA) if eligible,"Short-duration contracts may use the PAA if eligibility criteria are met, simplifying recognition.",,,,,,,,,,,,
4,Recognition of Insurance Contracts,Expert,How does IFRS 17 treat contracts with coverage starting after the reporting date?,They are recognized immediately,They are recognized only when coverage begins,They are recognized when the first premium is due,They are recognized when the insurer becomes party to the contract,They are recognized when the insurer becomes party to the contract,"Recognition occurs when the insurer becomes party to the contract, even if coverage starts later.",,,,,,,,,,,,
4,Recognition of Insurance Contracts,Expert,What happens if recognition timing results in a negative contractual service margin (CSM)?,The CSM is deferred until profitability improves,The contract is classified as onerous immediately,The CSM is adjusted to zero,The insurer can delay recognition,The contract is classified as onerous immediately,A negative CSM means the contract is onerous and must be recognized as a loss immediately.,,,,,,,,,,,,
4,Recognition of Insurance Contracts,Expert,How does IFRS 17 handle recognition of reinsurance contracts held?,Same timing as direct insurance contracts,Only when ceded premiums are paid,When the reinsurance contract is signed,At the end of the reporting period,Same timing as direct insurance contracts,Reinsurance contracts held follow the same recognition timing rules as direct insurance contracts.,,,,,,,,,,,,
4,Recognition of Insurance Contracts,Expert," If a contract is recognized late, what is the impact on the contractual service margin (CSM)?",No impact,It may distort the allocation of CSM across coverage periods,It increases the CSM automatically,It eliminates the need for CSM,It may distort the allocation of CSM across coverage periods,"Late recognition can distort the allocation of CSM, affecting profit emergence across coverage periods.",,,,,,,,,,,,
4,Recognition of Insurance Contracts,Expert,"Under IFRS 17, how should recognition timing interact with risk adjustment measurement?",Risk adjustment is ignored at recognition,Risk adjustment is deferred until claims arise,Risk adjustment is applied only to onerous contracts,Risk adjustment is measured at recognition alongside fulfilment cash flows,Risk adjustment is measured at recognition alongside fulfilment cash flows,"At recognition, insurers measure risk adjustment together with fulfilment cash flows to reflect uncertainty in cash flows.",,,,,,,,,,,,
5,Measurement on Initial Recognition,Beginner,Which of the following is NOT a component of fulfilment cash flows?,Future cash flows,Discount rate,Risk adjustment,Insurance acquisition commission bonus pool,Insurance acquisition commission bonus pool,"The bonus pool is not part of fulfilment cash flows. The correct components are expected cash flows, discounting, and risk adjustment.",,,,,,,,,,,,
5,Measurement on Initial Recognition,Beginner,Which cash flows should be included in the measurement of the contract at initial recognition?,Past claims only,Cash flows related to investment returns,Future premiums and claim payments,Marketing expenses,Future premiums and claim payments,Fulfilment cash flows include expected future premiums and claims.,,,,,,,,,,,,
5,Measurement on Initial Recognition,Standard,"If the fulfilment cash flows are negative, what does IFRS 17 require?",Defer the difference,Recognize a loss immediately,Recognize a CSM,Reduce the asset balance,Recognize a loss immediately,Negative fulfilment cash flows indicate an onerous contract and a loss is recognized in profit or loss.,,,,,,,,,,,,
5,Measurement on Initial Recognition,Standard,What happens to a day 1 gain under IFRS 17?,Deferred in CSM,Recognized as revenue,Transferred to retained earnings,Recorded as OCI,Deferred in CSM,CSM defers day 1 gains and recognizes them over the service period.,,,,,,,,,,,,
5,Measurement on Initial Recognition,Beginner,Why is discounting applied to future cash flows?,To increase liabilities,To reflect time value of money,To reduce reporting volatility,To comply with IFRS 9,To reflect time value of money,Discounting reflects the time value of money.,,,,,,,,,,,,
5,Measurement on Initial Recognition,Standard,Which discount rate is used for initial measurement?,Zero coupon rate,Locked in discount rate,Market average rate,Prime lending rate,Locked in discount rate,The locked in rate at initial recognition is used to discount fulfilment cash flows and accrete CSM.,,,,,,,,,,,,
5,Measurement on Initial Recognition,Beginner,Which cost is not included in initial measurement?,Direct acquisition costs,Expected claims,Indirect administrative costs,Risk adjustment,Indirect administrative costs,Indirect administrative costs are excluded from initial measurement.,,,,,,,,,,,,
5,Measurement on Initial Recognition,Beginner,Which cost is typically excluded from fulfilment cash flows?,Advertising and marketing,Future claims,Premiums,Claim handling costs,Advertising and marketing,Marketing expenses are excluded under IFRS 17.,,,,,,,,,,,,
5,Measurement on Initial Recognition,Standard,Under which model is no CSM typically recognized?,GMM,PAA,VFA,Modified GMM,PAA,PAA does not require a CSM unless the contract is onerous.,,,,,,,,,,,,
5,Measurement on Initial Recognition,Expert,Which of the following is a valid reason to apply the Premium Allocation Approach at initial recognition?,It results in higher revenue,The contract has a coverage period of more than one year,The simplification does not significantly differ from GMM results,It avoids recognition of acquisition costs,The simplification does not significantly differ from GMM results,PAA is permitted where results do not materially differ from GMM.,,,,,,,,,,,,
5,Measurement on Initial Recognition,Beginner,Which component reflects non financial risk?,Discount rate,Risk adjustment,CSM,OCI,Risk adjustment,Risk adjustment captures uncertainty in non financial risks.,,,,,,,,,,,,
5,Measurement on Initial Recognition,Beginner,Which standard governs insurance contract accounting?,IFRS 9,IFRS 15,IFRS 17,IAS 37,IFRS 17,IFRS 17 applies to insurance contracts.,,,,,,,,,,,,
5,Measurement on Initial Recognition,Standard,Which element prevents recognition of upfront profits?,Discount rate,Fulfilment cash flows,Risk adjustment,CSM,CSM,CSM defers unearned profit.,,,,,,,,,,,,
5,Measurement on Initial Recognition,Standard,Which contracts are excluded from IFRS 17?,Short term insurance,Significant risk contracts,Manufacturer warranties,Life insurance,Manufacturer warranties,Manufacturer warranties are scoped out.,,,,,,,,,,,,
5,Measurement on Initial Recognition,Expert,What assessment is required to apply PAA?,Premium adequacy,Coverage less than one year,Material difference from GMM,Acquisition cost deferral,Material difference from GMM,PAA eligibility requires comparison to GMM.,,,,,,,,,,,,
5,Measurement on Initial Recognition,Beginner,What triggers initial recognition of an insurance contract under IFRS 17,Receipt of first premium,When the entity becomes party to the contract,When the first claim occurs,When the policy document is issued,When the entity becomes party to the contract,Initial recognition occurs when the insurer has substantive rights and obligations under the contract,,,,,,,,,,,,
5,Measurement on Initial Recognition,Beginner,Which of the following best describes fulfilment cash flows,Statutory reserves required by regulators,Present value of expected future cash inflows and outflows,Total premiums received,Claims paid to date,Present value of expected future cash inflows and outflows,Fulfilment cash flows represent current estimates of future obligations,,,,,,,,,,,,
5,Measurement on Initial Recognition,Beginner,What is the main role of the contractual service margin at initial recognition,To measure expected claims,To represent unearned profit,To calculate discount rates,To measure investment income,To represent unearned profit,CSM represents profit that will be recognised as services are provided,,,,,,,,,,,,
5,Measurement on Initial Recognition,Beginner,Which statement best describes the objective of initial measurement,To determine fair value of contracts,To establish current estimates and defer profit,To maximise reported equity,To match premiums with cash flows,To establish current estimates and defer profit,Initial measurement reflects current assumptions and defers profit through CSM,,,,,,,,,,,,
5,Measurement on Initial Recognition,Beginner,Which event occurs at initial recognition for a profitable group of contracts,Immediate profit recognition,Creation of a contractual service margin,Recognition of a loss component,Transfer to OCI,Creation of a contractual service margin,A CSM is established to defer profit for profitable groups,,,,,,,,,,,,
5,Measurement on Initial Recognition,Expert,Which condition must be satisfied for an insurance contract to be recognised under IFRS 17,The policyholder has paid the first premium,The entity has substantive rights and obligations,The contract is legally enforceable,The contract transfers significant insurance risk,The entity has substantive rights and obligations,"Recognition is based on substantive rights and obligations, not cash flows",,,,,,,,,,,,
5,Measurement on Initial Recognition,Expert,How are cash flows arising from embedded options within insurance contracts treated at initial recognition,Excluded from measurement,Included within fulfilment cash flows,Recognised separately under IFRS 9,Recognised directly in equity,Included within fulfilment cash flows,Cash flows from embedded features within the contract boundary are included,,,,,,,,,,,,
5,Measurement on Initial Recognition,Expert,Which statement best describes the treatment of future management actions at initial recognition,They are ignored,They are included if the entity has the ability and intention to act,They are recognised as separate assets,They are deferred in OCI,They are included if the entity has the ability and intention to act,IFRS 17 includes realistic management actions in expected cash flows,,,,,,,,,,,,
5,Measurement on Initial Recognition,Expert,What is the impact of changes in contract boundary assumptions at initial recognition,They adjust the contractual service margin,They affect which cash flows are included,They are recognised in profit or loss,They are ignored for measurement,They affect which cash flows are included,Contract boundary determines the scope of included cash flows,,,,,,,,,,,,
5,Measurement on Initial Recognition,Expert,Which principle ensures that insurance liabilities reflect unbiased current estimates,Conservatism principle,Historical cost principle,Best estimate principle,Matching principle,Best estimate principle,IFRS 17 requires unbiased probability weighted estimates,,,,,,,,,,,,
6,Subsequent Measurement,Beginner,What does subsequent measurement refer to under IFRS 17?,Reassessment of reinsurance cash flows,Update of contract liabilities after initial recognition,Only incurred claims measurement,Premium receipt testing,Update of contract liabilities after initial recognition,Subsequent measurement updates insurance liabilities.,,,,,,,,,,,,
6,Subsequent Measurement,Standard,A 4 year contract has CSM of 8000. How much is recognized per year?,2000 per year,0 then 8000,4000 then 1333,8000 immediately,2000 per year,CSM is recognized evenly over service.,,,,,,,,,,,,
6,Subsequent Measurement,Beginner,How often are fulfilment cash flows updated?,Once a year,Monthly,At each reporting date,Never,At each reporting date,Cash flows are updated each reporting period.,,,,,,,,,,,,
6,Subsequent Measurement,Beginner,How are claims incurred shown in financials?,In CSM,In OCI,In fulfilment cash flows,In profit or loss,In profit or loss,Claims relating to past service are expensed.,,,,,,,,,,,,
6,Subsequent Measurement,Standard,What causes a change in risk adjustment?,Interest rate changes,Increase in past claims,Change in uncertainty,Capital movements,Change in uncertainty,Risk adjustment reflects uncertainty changes.,,,,,,,,,,,,
6,Subsequent Measurement,Expert,Which changes are excluded from adjusting CSM?,Future service estimates,Time value updates,Risk of lapses,Policyholder behaviour,Time value updates,Interest accretion is treated as finance income.,,,,,,,,,,,,
6,Subsequent Measurement,Beginner,Which affects the Liability for Incurred Claims?,Future premiums,Reinsurance commission,Claims already incurred,Profit emergence,Claims already incurred,LIC relates to past claims.,,,,,,,,,,,,
6,Subsequent Measurement,Standard,What does the Liability for Remaining Coverage include?,CSM plus premiums,Fulfilment cash flows plus CSM,Claims paid,Gross income,Fulfilment cash flows plus CSM,LRC relates to future coverage.,,,,,,,,,,,,
6,Subsequent Measurement,Beginner,What does LIC capture?,Future claims,Earned premiums,Deferred acquisition costs,Claims already incurred,Claims already incurred,LIC reflects incurred obligations.,,,,,,,,,,,,
6,Subsequent Measurement,Standard,What role does risk adjustment play?,Reduces cash flows,Defers tax,Adjusts for non financial risk uncertainty,Ignores inflation,Adjusts for non financial risk uncertainty,Risk adjustment captures uncertainty.,,,,,,,,,,,,
6,Subsequent Measurement,Beginner,Which component represents unearned profit?,LIC,Risk adjustment,CSM,Premium receivable,CSM,CSM represents unearned profit.,,,,,,,,,,,,
6,Subsequent Measurement,Standard,Which changes adjust the CSM?,Past service claims,Future service cash flow estimates,Interest accretion,Claims paid,Future service cash flow estimates,Future service changes adjust CSM.,,,,,,,,,,,,
6,Subsequent Measurement,Standard,Where is CSM release presented?,Finance income,Insurance service result,OCI,Retained earnings,Insurance service result,CSM release is part of insurance service result.,,,,,,,,,,,,
6,Subsequent Measurement,Expert,Which change affects risk adjustment but not CSM?,Mortality improvement,Expense inflation,Change in uncertainty level,Coverage units,Change in uncertainty level,Uncertainty affects risk adjustment.,,,,,,,,,,,,
6,Subsequent Measurement,Expert,When is a loss component recognized?,Interest rate increase,Risk adjustment increase,Fulfilment cash flows exceed CSM,Investment gains,Fulfilment cash flows exceed CSM,Onerous contracts create a loss component.,,,,,,,,,,,,
6,Subsequent Measurement,Beginner,How is the risk adjustment updated under IFRS 17,It remains fixed at initial recognition,It is remeasured to reflect current non financial risk,It is transferred to CSM,It is recognised in OCI,It is remeasured to reflect current non financial risk,Risk adjustment is updated only to reflect changes in uncertainty about non financial risk,,,,,,,,,,,,
6,Subsequent Measurement,Beginner,How are fulfilment cash flows treated after initial recognition,They remain fixed at inception,They are remeasured using current assumptions,They are transferred to CSM only,They are recognised in OCI,They are remeasured using current assumptions,Fulfilment cash flows are updated at each reporting date,,,,,,,,,,,,
6,Subsequent Measurement,Beginner,What determines whether assumption changes affect profit or loss or CSM,The size of the contract,Whether the change relates to past or future service,The type of insurance product,The premium payment pattern,Whether the change relates to past or future service,Past service affects profit or loss while future service adjusts CSM,,,,,,,,,,,,
6,Subsequent Measurement,Beginner,What is the purpose of coverage units under IFRS 17,To determine premiums,To allocate the contractual service margin over the coverage period,To measure risk adjustment,To calculate discount rates,To allocate the contractual service margin over the coverage period,Coverage units reflect the quantity of service provided,,,,,,,,,,,,
6,Subsequent Measurement,Beginner,How is the contractual service margin recognised over time,It is recognised immediately,It is recognised when claims are paid,It is recognised systematically as services are provided,It is recognised in OCI,It is recognised systematically as services are provided,CSM represents unearned profit and is released as insurance service is delivered,,,,,,,,,,,,
6,Subsequent Measurement,Expert,Which changes bypass adjustment of the contractual service margin under the General Measurement Model,Changes in estimates of future service cash flows,Experience adjustments relating to past service,Changes in coverage units,Changes in discount rates for future service,Experience adjustments relating to past service,Past service experience is recognised immediately in profit or loss,,,,,,,,,,,,
6,Subsequent Measurement,Expert,How is discount accretion on the contractual service margin treated under IFRS 17,Recognised in profit or loss as insurance revenue,Added to the contractual service margin using the locked in discount rate,Recognised in OCI,Ignored for measurement purposes,Added to the contractual service margin using the locked in discount rate,The CSM is accreted using the discount rate determined at initial recognition,,,,,,,,,,,,
6,Subsequent Measurement,Expert,Why are coverage units required under IFRS 17,To calculate premium income,To allocate the contractual service margin over the coverage period,To determine the risk adjustment,To measure fulfilment cash flows,To allocate the contractual service margin over the coverage period,Coverage units reflect the quantity of insurance service provided,,,,,,,,,,,,
6,Subsequent Measurement,Expert,Under what condition is an insurance contract group considered onerous after initial recognition,When risk adjustment increases,When the contractual service margin is fully exhausted,When discount rates decrease,When claims volatility increases,When the contractual service margin is fully exhausted,"Once CSM is reduced to zero, further losses are recognised in profit or loss",,,,,,,,,,,,
6,Subsequent Measurement,Expert,What is the primary economic purpose of the contractual service margin in subsequent measurement,To reduce reported liabilities,To eliminate volatility in profit,To systematically recognise profit as services are provided,To align accounting with solvency rules,To systematically recognise profit as services are provided,The CSM ensures profit is recognised in line with insurance service delivery,,,,,,,,,,,,
7,Discounting CSM and Risk Adjustment,Standard,Which of the following is NOT a required characteristic of the discount rate under IFRS 17?,Consistency with observable market prices for similar cash flows,Inclusion of illiquidity premiums to reflect insurance contract liquidity,Use of a single fixed discount rate across all types of contracts,Alignment with other assumptions used in valuation to avoid double counting,Use of a single fixed discount rate across all types of contracts,"IFRS 17 does not require or recommend a single fixed discount rate for all contracts. Instead, the discount rate should reflect characteristics like liquidity, inflation, and dependency on underlying items.",,,,,,,,,,,,
7,Discounting CSM and Risk Adjustment,Standard,Which of the following is a correct interpretation of IFRS 17's guidance on using market data to determine discount rates?,Discount rates must exclude the effect of market variables that do not impact the insurance contract's cash flows.,"Observable market prices should always be used, even if they include factors unrelated to insurance contract cash flows.",Market observable discount rates can be used even if they reflect credit risk not relevant to the insurance liability.,Discount rates should reflect all observable market factors regardless of contract characteristics.,Discount rates must exclude the effect of market variables that do not impact the insurance contract's cash flows.,"IFRS 17 requires that discount rates exclude market variables that don’t affect the contract’s cash flows, even if these variables are in observable market prices.",,,,,,,,,,,,
7,Discounting CSM and Risk Adjustment,Beginner,What is the primary distinction between the bottom-up and top-down approaches for deriving discount rates under IFRS 17?,The bottom-up approach starts from asset returns and adjusts for insurance features,The top-down approach uses a risk-free curve and adds risk premiums,The top-down approach always requires matching the exact liquidity of insurance contracts.,The bottom-up approach starts with a liquid risk-free yield curve and adjusts for illiquidity,The bottom-up approach starts with a liquid risk-free yield curve and adjusts for illiquidity,The bottom-up approach begins with a liquid risk-free yield curve and adjusts it to reflect the liquidity characteristics and other factors relevant to the insurance contracts.,,,,,,,,,,,,
7,Discounting CSM and Risk Adjustment,Standard,Which statement is TRUE regarding liquidity adjustments in the top-down approach under IFRS 17?,Liquidity differences between the reference assets and insurance contracts must always be adjusted,No liquidity adjustments are allowed under the top-down approach,Adjustments are made only if the reference portfolio’s liquidity differs significantly from that of the insurance contracts,"Liquidity risk is already captured in the nominal cash flows, so no adjustments are required",Adjustments are made only if the reference portfolio’s liquidity differs significantly from that of the insurance contracts,IFRS 17 requires liquidity adjustments under the top-down approach only if the reference portfolio’s liquidity is not sufficiently consistent with that of the insurance contracts.,,,,,,,,,,,,
7,Discounting CSM and Risk Adjustment,Standard,"When a group of insurance contracts becomes onerous after initial recognition under IFRS 17, what happens to the Contractual Service Margin (CSM)?",It is increased to reflect the higher expected losses.,"It remains unchanged, as changes are only recognized at initial recognition.","It is set to zero, and a loss component is established to reflect the excess of fulfilment cash flows over the expected inflows.",It is transferred to the Liability for Incurred Claims (LIC).,"It is set to zero, and a loss component is established to reflect the excess of fulfilment cash flows over the expected inflows.","If a group becomes onerous after initial recognition, IFRS 17 requires setting the CSM to zero and recognizing a loss component.",,,,,,,,,,,,
7,Discounting CSM and Risk Adjustment,Standard,Can a loss component (LC) established for an onerous group of contracts under IFRS 17 be reversed in subsequent periods?,"No, once established, a loss component cannot be reversed.","Yes, but only through adjustments to the Risk Adjustment for non-financial risk.",Only if the contracts are derecognized.,"Yes, if future changes in fulfilment cash flows indicate that the group is no longer onerous.","Yes, if future changes in fulfilment cash flows indicate that the group is no longer onerous.","Future favorable changes in fulfilment cash flows can indicate that the group is no longer onerous, allowing reversal of the loss component.",,,,,,,,,,,,
7,Discounting CSM and Risk Adjustment,Standard,"In the context of IFRS 17, what does the Liability for Remaining Coverage (LRC) represent when the Contractual Service Margin (CSM) is nil?",The sum of the fulfilment cash flows and the loss component.,Only the present value of future cash flows without any adjustments.,The Liability for Incurred Claims (LIC) only.,The Risk Adjustment for non-financial risk only.,The sum of the fulfilment cash flows and the loss component.,"When the CSM is zero, the LRC consists of the fulfilment cash flows plus any loss component for onerous contracts.",,,,,,,,,,,,
7,Discounting CSM and Risk Adjustment,Standard,Which discount rate is used to accrete interest on the CSM?,The risk-free rate at the reporting date,The weighted average discount rate for incurred claims,The current market interest rate for government bonds,The discount rate at initial recognition of the group of contracts,The discount rate at initial recognition of the group of contracts,Interest on the CSM is accreted using the locked-in discount rate set at initial recognition of the group.,,,,,,,,,,,,
7,Discounting CSM and Risk Adjustment,Standard,Which of the following characteristics would lead to a higher risk adjustment according to IFRS 17 principles?,"High-frequency, low-severity risks",Short-duration contracts with predictable claims,Risks with narrow probability distributions,Contracts where little is known about emerging experience,Contracts where little is known about emerging experience,Greater uncertainty in emerging experience heightens the need for a larger risk adjustment.,,,,,,,,,,,,
7,Discounting CSM and Risk Adjustment,Standard,Which of the following risks is excluded from the IFRS 17 risk adjustment?,Lapse risk,Expense risk,Financial risk (e.g. interest rate risk),Morbidity risk,Financial risk (e.g. interest rate risk),"The risk adjustment covers non-financial risks only. Financial risks are reflected in discount rates or cash flows, not the risk adjustment.",,,,,,,,,,,,
7,Discounting CSM and Risk Adjustment,Beginner,"Under IFRS 17, what is the primary objective of discounting csm and risk adjustment?",Reduce volatility,Reflect time value and uncertainty of cash flows,Maximise profit,Align with tax rules,Reflect time value and uncertainty of cash flows,"IFRS 17 focuses on current, market-consistent measurement of insurance obligations.",,,,,,,,,,,,
7,Discounting CSM and Risk Adjustment,Expert,Which assumption requires the highest level of judgement under Discounting CSM and Risk Adjustment?,Contract boundary,Discount rate determination,Policy count,Premium frequency,Discount rate determination,Discount rates require judgement to reflect characteristics of the insurance cash flows.,,,,,,,,,,,,
7,Discounting CSM and Risk Adjustment,Standard,How does a change in estimates affect the CSM under Discounting CSM and Risk Adjustment?,Always recognised in profit or loss,Always ignored,Adjusted against CSM if it relates to future service,Recognised as OCI only,Adjusted against CSM if it relates to future service,Changes related to future service adjust the CSM under IFRS 17.,,,,,,,,,,,,
7,Discounting CSM and Risk Adjustment,Standard,When would Discounting CSM and Risk Adjustment result in immediate profit or loss recognition?,At initial recognition of profitable contracts,When contracts become onerous,When premiums are received,Never,When contracts become onerous,Onerous contracts result in immediate loss recognition.,,,,,,,,,,,,
7,Discounting CSM and Risk Adjustment,Expert,What is the key disclosure requirement related to Discounting CSM and Risk Adjustment?,Only total revenue,Judgements and methods applied,Tax reconciliation,Dividend policy,Judgements and methods applied,IFRS 17 requires disclosure of key judgements and assumptions.,,,,,,,,,,,,
7,Discounting CSM and Risk Adjustment,Beginner,What is the purpose of IFRS 17?,Increase profits,Standardise insurance accounting,Reduce taxes,Eliminate judgement,Standardise insurance accounting,IFRS 17 provides a consistent framework for accounting for insurance contracts.,,,,,,,,,,,,
7,Discounting CSM and Risk Adjustment,Beginner,Which contracts are within the scope of IFRS 17?,Investment contracts only,Insurance contracts,Service contracts,Lease contracts,Insurance contracts,IFRS 17 applies to insurance contracts issued.,,,,,,,,,,,,
7,Discounting CSM and Risk Adjustment,Beginner,What does CSM represent?,Past losses,Unearned profit,Investment income,Risk margin,Unearned profit,CSM represents unearned profit recognised over service period.,,,,,,,,,,,,
7,Discounting CSM and Risk Adjustment,Beginner,What is an onerous contract?,Profitable contract,Contract with expected losses,Expired contract,Reinsured contract,Contract with expected losses,Onerous contracts have fulfilment cash flows exceeding premiums.,,,,,,,,,,,,
7,Discounting CSM and Risk Adjustment,Beginner,What is the contract boundary?,Policy term only,Point where insurer can reprice risk,Reinsurance limit,Coverage period,Point where insurer can reprice risk,Contract boundary defines which cash flows are included.,,,,,,,,,,,,
7,Discounting CSM and Risk Adjustment,Expert,How should changes in estimates relating to future service be treated?,Profit or loss,OCI,Adjust CSM,Ignore,Adjust CSM,Changes relating to future service adjust the CSM.,,,,,,,,,,,,
7,Discounting CSM and Risk Adjustment,Expert,When is a loss component established?,Initial recognition,When contract becomes onerous,At maturity,Never,When contract becomes onerous,Loss component is recognised for onerous groups.,,,,,,,,,,,,
7,Discounting CSM and Risk Adjustment,Expert,Which discount rate approach reflects asset yields adjusted for credit risk?,Bottom-up,Top-down,Historical,Locked-in,Top-down,Top-down approach starts with asset yields and adjusts.,,,,,,,,,,,,
7,Discounting CSM and Risk Adjustment,Expert,How are reinsurance recoveries recognised for onerous contracts?,Deferred,Ignored,Immediately recognised,OCI,Immediately recognised,IFRS 17 allows immediate recognition of reinsurance recoveries.,,,,,,,,,,,,
7,Discounting CSM and Risk Adjustment,Expert,What disclosure is required for significant judgements?,Optional,Not required,Mandatory,Only quantitative,Mandatory,IFRS 17 requires disclosure of significant judgements.,,,,,,,,,,,,
8,Onerous Contracts,Beginner,When is a contract classified as an onerous contract under IFRS 17?,When the contract is expected to lapse early,When the contract has no Contractual Service Margin (CSM),When the contract is expected to incur a loss,When the contract has no insurance risk,When the contract is expected to incur a loss,"An onerous contract is one where fulfilment cash flows exceed expected inflows (premiums), resulting in a loss.",,,,,,,,,,,,
8,Onerous Contracts,Standard,How is the CSM treated for onerous contracts?,Deferred,Reversed,Released to profit,Set to zero,Set to zero,The CSM is set to zero since no future profits are expected.,,,,,,,,,,,,
8,Onerous Contracts,Beginner,Which component is recognized when a group is onerous at initial recognition?,Contractual Service Margin,Risk Adjustment,Loss Component,Investment Return,Loss Component,The loss component is set up to represent losses on onerous contracts and is recognized immediately in profit or loss.,,,,,,,,,,,,
8,Onerous Contracts,Beginner,How is the loss component recognized?,As an asset,Through OCI,As an adjustment to the CSM,In profit or loss,In profit or loss,The loss component is recognized immediately in profit or loss.,,,,,,,,,,,,
8,Onerous Contracts,Standard,What happens if cash flow estimates improve?,Loss component is reversed first,CSM increases,Risk adjustment decreases,Premiums are restated,Loss component is reversed first,Improvements first reduce the loss component before adjusting the CSM.,,,,,,,,,,,,
8,Onerous Contracts,Beginner,When is a contract classified as onerous?,When risk adjustment is high,When expected profit is low,When fulfilment cash flows exceed premiums,When lapse rate is high,When fulfilment cash flows exceed premiums,"A contract is onerous when the fulfilment cash flows exceed the expected inflows, indicating a net loss.",,,,,,,,,,,,
8,Onerous Contracts,Standard,What happens to the CSM if a group of contracts becomes onerous after initial recognition?,It is increased,It is set to zero and loss is recognized,It is locked in,It is recalculated using old assumptions,It is set to zero and loss is recognized,"If contracts become onerous after initial recognition, the CSM is reduced to zero, and any further loss is recognized in profit or loss.",,,,,,,,,,,,
8,Onerous Contracts,Standard,Which of the following changes can make a previously profitable contract group onerous?,Increase in administrative expenses,Drop in discount rates,Revised premium allocation method,Change in accounting policy,Increase in administrative expenses,"Increases in expected expenses can raise fulfilment cash flows, potentially making the group onerous.",,,,,,,,,,,,
8,Onerous Contracts,Standard,How does the loss component affect future insurance revenue?,No effect,Increases revenue,It reduces future revenue,It replaces CSM in revenue recognition,It replaces CSM in revenue recognition,"For onerous groups, the loss component replaces the CSM and is released as insurance revenue as coverage is provided.",,,,,,,,,,,,
8,Onerous Contracts,Standard,What causes a change in the loss component?,Increase in discount rate,Change in reinsurance treaty,Adverse claims development,Policyholder death,Adverse claims development,Any adverse change in fulfilment cash flows increases the loss component.,,,,,,,,,,,,
8,Onerous Contracts,Standard,"Under IFRS 17, which model requires immediate recognition of an onerous contract?",GMM only,PAA only,Both GMM and PAA,VFA only,Both GMM and PAA,Both models require immediate recognition of losses when a group is onerous.,,,,,,,,,,,,
8,Onerous Contracts,Expert,How does a change in lapse assumptions affect the loss component?,No effect,Can increase or decrease the loss component,Only affects CSM,Ignored until contract ends,Can increase or decrease the loss component,"Changes in expected lapses affect future cash flows, which can alter the loss component.",,,,,,,,,,,,
8,Onerous Contracts,Expert,How is reinsurance recoverable treated when a contract group is onerous?,Reduces the loss component,It is ignored in loss calculation,Increases CSM,Adjusts risk adjustment only,Reduces the loss component,Recoverable amounts from reinsurance reduce the net loss component recognized in profit or loss.,,,,,,,,,,,,
8,Onerous Contracts,Expert,Which scenario could cause a previously non-onerous contract to become onerous without a change in claims experience?,Early termination of policy,Increase in premiums,Change in policyholder behavior assumptions,Change in discount rate,Change in discount rate,"Adjustments to discount rates affect present value of fulfilment cash flows, potentially making the contract onerous.",,,,,,,,,,,,
8,Onerous Contracts,Standard,"In a group containing both profitable and onerous contracts, how is the CSM affected?",Only the profitable contracts contribute to CSM,All contracts are treated as onerous,CSM is reduced for all contracts,CSM is unaffected,Only the profitable contracts contribute to CSM,IFRS 17 separates onerous contracts; CSM is only recognized for profitable contracts.,,,,,,,,,,,,
9,Premium Allocation Approach,Standard,When is an entity allowed to apply the Premium Allocation Approach (PAA)?,Only for life insurance contracts,For all investment contracts,If the contract duration is ?12 months or if results are similar to GMM,For contracts with no risk adjustment,If the contract duration is ?12 months or if results are similar to GMM,"PAA can be used if the coverage period is 12 months or less, or if using PAA would yield results that are not materially different from the General Measurement Model (GMM).",,,,,,,,,,,,
9,Premium Allocation Approach,Standard,What does the liability for remaining coverage (LRC) under PAA represent?,Future claims paid,Present value of premiums,The unearned portion of premiums minus acquisition costs,Incurred claims,The unearned portion of premiums minus acquisition costs,"LRC under PAA reflects the simplified unearned premium approach, adjusted for amortized acquisition costs.",,,,,,,,,,,,
9,Premium Allocation Approach,Standard,Which of the following requires risk adjustment under PAA?,Liability for incurred claims,Acquisition cost asset,Liability for remaining coverage,Premium receivable,Liability for incurred claims,"Under PAA, the risk adjustment applies to the liability for incurred claims to account for uncertainty in non-financial risk.",,,,,,,,,,,,
9,Premium Allocation Approach,Standard,What happens if the liability for remaining coverage is lower than fulfilment cash flows?,Create a contractual service margin,Defer acquisition costs,Recognize a loss,Discount more,Recognize a loss,"If fulfilment cash flows exceed the liability for remaining coverage, the contract is deemed onerous and the excess is recognized as a loss.",,,,,,,,,,,,
9,Premium Allocation Approach,Standard,What are fulfilment cash flows made up of?,Future premiums only,Future claims and profits,"Expected future inflows and outflows, discounted, plus risk adjustment",Written premium minus expenses,"Expected future inflows and outflows, discounted, plus risk adjustment",Fulfilment cash flows reflect the present value of expected future inflows and outflows plus the risk adjustment for non-financial risk.,,,,,,,,,,,,
9,Premium Allocation Approach,Standard,How is insurance revenue recognized under PAA?,All at inception,When claims are paid,Evenly over the coverage period,At contract expiry,Evenly over the coverage period,"Under PAA, revenue is typically recognized on a straight-line basis over the coverage period, reflecting insurance services provided.",,,,,,,,,,,,
9,Premium Allocation Approach,Standard,Can insurers offset profitable and onerous contracts within a portfolio under PAA?,"No, grouping rules prevent offsetting",Only with auditor approval,Yes,Only for reinsurance,"No, grouping rules prevent offsetting",IFRS 17 requires separate grouping of onerous and profitable contracts; losses cannot be offset by profitable ones.,,,,,,,,,,,,
9,Premium Allocation Approach,Beginner,What is a key disclosure requirement under IFRS 17 even when using PAA?,No disclosure required,Confidence level of liabilities,Market value of assets,Tax provision for each contract,Confidence level of liabilities,"Disclosure of the confidence level used to determine the risk adjustment is required, even under the PAA approach.",,,,,,,,,,,,
9,Premium Allocation Approach,Standard,Can PAA be used for reinsurance contracts held?,"Yes, if eligibility criteria are met","No, PAA is only for direct contracts","Yes, but only in life insurance",Only if premiums exceed claims,"Yes, if eligibility criteria are met",PAA can be applied to reinsurance contracts held if the contract meets the same criteria used for direct contracts.,,,,,,,,,,,,
9,Premium Allocation Approach,Standard,What happens when acquisition costs are deferred for an onerous group?,The loss reduces,It offsets the fulfilment cash flows,It increases the recognized loss,It increases future profits,It increases the recognized loss,"Deferring acquisition costs for an onerous group effectively lowers the LRC and can increase the shortfall, leading to a higher loss.",,,,,,,,,,,,
9,Premium Allocation Approach,Beginner,"Under IFRS 17, what is the primary objective of premium allocation approach?",Reduce volatility,Reflect time value and uncertainty of cash flows,Maximise profit,Align with tax rules,Reflect time value and uncertainty of cash flows,"IFRS 17 focuses on current, market-consistent measurement of insurance obligations.",,,,,,,,,,,,
9,Premium Allocation Approach,Expert,Which assumption requires the highest level of judgement under Premium Allocation Approach?,Contract boundary,Discount rate determination,Policy count,Premium frequency,Discount rate determination,Discount rates require judgement to reflect characteristics of the insurance cash flows.,,,,,,,,,,,,
9,Premium Allocation Approach,Standard,How does a change in estimates affect the CSM under Premium Allocation Approach?,Always recognised in profit or loss,Always ignored,Adjusted against CSM if it relates to future service,Recognised as OCI only,Adjusted against CSM if it relates to future service,Changes related to future service adjust the CSM under IFRS 17.,,,,,,,,,,,,
9,Premium Allocation Approach,Standard,When would Premium Allocation Approach result in immediate profit or loss recognition?,At initial recognition of profitable contracts,When contracts become onerous,When premiums are received,Never,When contracts become onerous,Onerous contracts result in immediate loss recognition.,,,,,,,,,,,,
9,Premium Allocation Approach,Expert,What is the key disclosure requirement related to Premium Allocation Approach?,Only total revenue,Judgements and methods applied,Tax reconciliation,Dividend policy,Judgements and methods applied,IFRS 17 requires disclosure of key judgements and assumptions.,,,,,,,,,,,,
9,Premium Allocation Approach,Beginner,What is the purpose of IFRS 17?,Increase profits,Standardise insurance accounting,Reduce taxes,Eliminate judgement,Standardise insurance accounting,IFRS 17 provides a consistent framework for accounting for insurance contracts.,,,,,,,,,,,,
9,Premium Allocation Approach,Beginner,Which contracts are within the scope of IFRS 17?,Investment contracts only,Insurance contracts,Service contracts,Lease contracts,Insurance contracts,IFRS 17 applies to insurance contracts issued.,,,,,,,,,,,,
9,Premium Allocation Approach,Beginner,What does CSM represent?,Past losses,Unearned profit,Investment income,Risk margin,Unearned profit,CSM represents unearned profit recognised over service period.,,,,,,,,,,,,
9,Premium Allocation Approach,Beginner,What is an onerous contract?,Profitable contract,Contract with expected losses,Expired contract,Reinsured contract,Contract with expected losses,Onerous contracts have fulfilment cash flows exceeding premiums.,,,,,,,,,,,,
9,Premium Allocation Approach,Beginner,What is the contract boundary?,Policy term only,Point where insurer can reprice risk,Reinsurance limit,Coverage period,Point where insurer can reprice risk,Contract boundary defines which cash flows are included.,,,,,,,,,,,,
9,Premium Allocation Approach,Expert,How should changes in estimates relating to future service be treated?,Profit or loss,OCI,Adjust CSM,Ignore,Adjust CSM,Changes relating to future service adjust the CSM.,,,,,,,,,,,,
9,Premium Allocation Approach,Expert,When is a loss component established?,Initial recognition,When contract becomes onerous,At maturity,Never,When contract becomes onerous,Loss component is recognised for onerous groups.,,,,,,,,,,,,
9,Premium Allocation Approach,Expert,Which discount rate approach reflects asset yields adjusted for credit risk?,Bottom-up,Top-down,Historical,Locked-in,Top-down,Top-down approach starts with asset yields and adjusts.,,,,,,,,,,,,
9,Premium Allocation Approach,Expert,How are reinsurance recoveries recognised for onerous contracts?,Deferred,Ignored,Immediately recognised,OCI,Immediately recognised,IFRS 17 allows immediate recognition of reinsurance recoveries.,,,,,,,,,,,,
9,Premium Allocation Approach,Expert,What disclosure is required for significant judgements?,Optional,Not required,Mandatory,Only quantitative,Mandatory,IFRS 17 requires disclosure of significant judgements.,,,,,,,,,,,,
10,Reinsurance Contracts Held,Beginner,What is a reinsurance contract held under IFRS 17?,A contract under which an entity receives compensation for claims from a reinsurer,A contract issued to share profits with partners,Contract issued to insure customers,A contract for investment-linked business,A contract under which an entity receives compensation for claims from a reinsurer,A reinsurance contract held is one where the insurer (cedant) transfers insurance risk and receives compensation from the reinsurer for claims.,,,,,,,,,,,,
10,Reinsurance Contracts Held,Standard,When should a reinsurance contract held be initially recognized?,When the reinsurer pays a claim,At the start of the underlying insurance contract,At the earlier of coverage start or when underlying contracts are onerous,At the end of the reporting period,At the earlier of coverage start or when underlying contracts are onerous,Recognition occurs at the earlier of when reinsurance coverage begins or when the reinsurance covers a recognized loss from onerous contracts.,,,,,,,,,,,,
10,Reinsurance Contracts Held,Standard,Can a gain on purchase of reinsurance be recognized immediately?,"Yes, it boosts profit","No, it is included in the CSM",Only if the reinsurer agrees,"Yes, under PAA","No, it is included in the CSM",Gains on the purchase of reinsurance are deferred within the Contractual Service Margin (CSM) and recognized over the coverage period.,,,,,,,,,,,,
10,Reinsurance Contracts Held,Standard,Which of the following is NOT included in fulfilment cash flows for reinsurance contracts held?,Future claims recoveries,Discounting,Reinsurer’s risk appetite,Risk adjustment,Reinsurer’s risk appetite,"Fulfilment cash flows include expected recoveries, discounting, and risk adjustment—not subjective elements like reinsurer's risk appetite.",,,,,,,,,,,,
10,Reinsurance Contracts Held,Beginner,What is the impact of reinsurance on the insurer’s risk exposure?,Increases risk,No impact,Transfers and reduces risk,Creates an additional liability,Transfers and reduces risk,Reinsurance helps the insurer reduce and manage their insurance risk by transferring a portion of it to the reinsurer.,,,,,,,,,,,,
10,Reinsurance Contracts Held,Standard,How are changes in fulfilment cash flows for reinsurance contracts treated?,Adjust the CSM or go through P&L,Ignore until contract maturity,Expensed as acquisition costs,Deferred indefinitely,Adjust the CSM or go through P&L,"Changes in fulfilment cash flows adjust the CSM if they relate to future services, or are recognized in profit or loss otherwise.",,,,,,,,,,,,
10,Reinsurance Contracts Held,Standard,"Under the General Model, what happens to the CSM for reinsurance contracts held over time?",It grows with claims paid,It’s released based on services received,It remains constant,It is immediately expensed,It’s released based on services received,The CSM for reinsurance contracts held is released over time based on the receipt of reinsurance services.,,,,,,,,,,,,
10,Reinsurance Contracts Held,Standard,How are reinsurance recoveries presented in the income statement?,Included in insurance revenue,Included in investment income,Separately from insurance revenue,Net of insurance service expenses,Separately from insurance revenue,IFRS 17 requires that reinsurance income and expenses be presented separately from insurance revenue and service expenses.,,,,,,,,,,,,
10,Reinsurance Contracts Held,Standard,How are recoveries for past claims treated under reinsurance contracts held?,Deferred in CSM,Expensed as incurred,Recognized in profit or loss immediately,Deducted from LRC,Recognized in profit or loss immediately,Recoveries for past claims are immediately recognized in profit or loss as they relate to events that have already occurred.,,,,,,,,,,,,
10,Reinsurance Contracts Held,Beginner,What is the impact of a reinsurance CSM being negative?,It represents a loss,It is a liability,It is not allowed,"It’s treated as an asset, not a liability","It’s treated as an asset, not a liability",A negative CSM on a reinsurance contract held represents a net cost to the insurer and is treated as an asset.,,,,,,,,,,,,
10,Reinsurance Contracts Held,Beginner,reinsurance contracts held?,Reduce volatility,Reflect time value and uncertainty of cash flows,Maximise profit,Align with tax rules,Reflect time value and uncertainty of cash flows,"IFRS 17 focuses on current, market-consistent measurement of insurance obligations.",,,,,,,,,,,,
10,Reinsurance Contracts Held,Expert,Which assumption requires the highest level of judgement under Reinsurance Contracts Held?,Contract boundary,Discount rate determination,Policy count,Premium frequency,Discount rate determination,Discount rates require judgement to reflect characteristics of the insurance cash flows.,,,,,,,,,,,,
10,Reinsurance Contracts Held,Standard,How does a change in estimates affect the CSM under Reinsurance Contracts Held?,Always recognised in profit or loss,Always ignored,Adjusted against CSM if it relates to future service,Recognised as OCI only,Adjusted against CSM if it relates to future service,Changes related to future service adjust the CSM under IFRS 17.,,,,,,,,,,,,
10,Reinsurance Contracts Held,Standard,When would Reinsurance Contracts Held result in immediate profit or loss recognition?,At initial recognition of profitable contracts,When contracts become onerous,When premiums are received,Never,When contracts become onerous,Onerous contracts result in immediate loss recognition.,,,,,,,,,,,,
10,Reinsurance Contracts Held,Expert,What is the key disclosure requirement related to Reinsurance Contracts Held?,Only total revenue,Judgements and methods applied,Tax reconciliation,Dividend policy,Judgements and methods applied,IFRS 17 requires disclosure of key judgements and assumptions.,,,,,,,,,,,,
10,Reinsurance Contracts Held,Beginner,What is the purpose of IFRS 17?,Increase profits,Standardise insurance accounting,Reduce taxes,Eliminate judgement,Standardise insurance accounting,IFRS 17 provides a consistent framework for accounting for insurance contracts.,,,,,,,,,,,,
10,Reinsurance Contracts Held,Beginner,Which contracts are within the scope of IFRS 17?,Investment contracts only,Insurance contracts,Service contracts,Lease contracts,Insurance contracts,IFRS 17 applies to insurance contracts issued.,,,,,,,,,,,,
10,Reinsurance Contracts Held,Beginner,What does CSM represent?,Past losses,Unearned profit,Investment income,Risk margin,Unearned profit,CSM represents unearned profit recognised over service period.,,,,,,,,,,,,
10,Reinsurance Contracts Held,Beginner,What is an onerous contract?,Profitable contract,Contract with expected losses,Expired contract,Reinsured contract,Contract with expected losses,Onerous contracts have fulfilment cash flows exceeding premiums.,,,,,,,,,,,,
10,Reinsurance Contracts Held,Beginner,What is the contract boundary?,Policy term only,Point where insurer can reprice risk,Reinsurance limit,Coverage period,Point where insurer can reprice risk,Contract boundary defines which cash flows are included.,,,,,,,,,,,,
10,Reinsurance Contracts Held,Expert,How should changes in estimates relating to future service be treated?,Profit or loss,OCI,Adjust CSM,Ignore,Adjust CSM,Changes relating to future service adjust the CSM.,,,,,,,,,,,,
10,Reinsurance Contracts Held,Expert,When is a loss component established?,Initial recognition,When contract becomes onerous,At maturity,Never,When contract becomes onerous,Loss component is recognised for onerous groups.,,,,,,,,,,,,
10,Reinsurance Contracts Held,Expert,Which discount rate approach reflects asset yields adjusted for credit risk?,Bottom-up,Top-down,Historical,Locked-in,Top-down,Top-down approach starts with asset yields and adjusts.,,,,,,,,,,,,
10,Reinsurance Contracts Held,Expert,How are reinsurance recoveries recognised for onerous contracts?,Deferred,Ignored,Immediately recognised,OCI,Immediately recognised,IFRS 17 allows immediate recognition of reinsurance recoveries.,,,,,,,,,,,,
10,Reinsurance Contracts Held,Expert,What disclosure is required for significant judgements?,Optional,Not required,Mandatory,Only quantitative,Mandatory,IFRS 17 requires disclosure of significant judgements.,,,,,,,,,,,,
11,Investment Contracts with Discretionary Participation Features,Standard,Which of the following statements best describes a key difference between insurance contracts with direct participation features and investment contracts with discretionary participation features under IFRS 17?,"Insurance contracts with direct participation features are accounted for under IFRS 9, while investment contracts with discretionary participation features are accounted for under IFRS 17.",Both contract types are accounted for using the Premium Allocation Approach (PAA) under IFRS 17.,"Insurance contracts with direct participation features use the Variable Fee Approach (VFA), while investment contracts with discretionary participation features are accounted for under IFRS 17 with minor modifications.",Investment contracts with discretionary participation features involve no discretionary element and must follow IFRS 15.,"Insurance contracts with direct participation features use the Variable Fee Approach (VFA), while investment contracts with discretionary participation features are accounted for under IFRS 17 with minor modifications.","IFRS 17 distinguishes DPCs using the VFA from investment contracts with DPFs, which remain within IFRS 17 but with modifications.",,,,,,,,,,,,
11,Investment Contracts with Discretionary Participation Features,Standard,Which of the following contracts would be classified as an investment contract with discretionary participation features under IFRS 17?,A savings contract where the insurer retains discretion over bonus payments and the contract does not transfer significant insurance risk.,A unit-linked investment product with guaranteed returns and no discretionary elements.,A life insurance contract that entitles the policyholder to a share of asset returns and includes significant insurance risk.,A pure term life policy with no investment component or discretionary features.,A savings contract where the insurer retains discretion over bonus payments and the contract does not transfer significant insurance risk.,"Such contracts lack significant insurance risk but include discretionary returns, qualifying as investment contracts with DPFs.",,,,,,,,,,,,
11,Investment Contracts with Discretionary Participation Features,Standard,"Under IFRS 17, what does the coverage period of a Direct Participation Contract (DPC) include?",Only the period during which insurance risk is present.,Only the period over which investment returns are credited to the policyholder.,Both the investment and insurance service periods under the contract.,Only the period where fair value of underlying items increases.,Both the investment and insurance service periods under the contract.,DPC coverage includes both insurance and investment services provided to the policyholder.,,,,,,,,,,,,
11,Investment Contracts with Discretionary Participation Features,Beginner,Which of the following best defines an underlying item under IFRS 17?,Any asset owned by the insurer,Any amount guaranteed to the policyholder,Any item that determines amounts payable to the policyholder,A group of insurance contracts with discretionary returns,Any item that determines amounts payable to the policyholder,Underlying items form the basis for determining benefits payable to the policyholder.,,,,,,,,,,,,
11,Investment Contracts with Discretionary Participation Features,Standard,"According to IFRS 17, what makes a policyholder’s participation in a pool of underlying items valid for DPC classification?",The insurer’s intention to share profits,A strong historical pattern of bonus declarations,A legally enforceable right to a share of underlying items,Regulatory expectation that profits be distributed fairly,A legally enforceable right to a share of underlying items,"DPC classification requires enforceable contractual rights, not expectations or intentions.",,,,,,,,,,,,
11,Investment Contracts with Discretionary Participation Features,Standard,Which of the following contracts is most likely NOT to qualify as having a clearly identified pool of underlying items under IFRS 17?,A unit-linked contract where fund allocation is defined,A with-profits contract tied to a disclosed internal asset pool,A policy linked to an external market index explicitly mentioned in the policy,A universal life contract where the crediting rate is set by the insurer ex post,A universal life contract where the crediting rate is set by the insurer ex post,The lack of a clearly defined pool prevents DPC qualification.,,,,,,,,,,,,
11,Investment Contracts with Discretionary Participation Features,Expert,When is the assessment of whether an insurance contract qualifies as a Direct Participation Contract (DPC) performed under IFRS 17?,At initial recognition and not subsequently repeated,At the date of contract modification,At the end of each reporting period,"Annually, based on updated assumptions",At initial recognition and not subsequently repeated,The DPC assessment is performed once unless modification leads to derecognition.,,,,,,,,,,,,
11,Investment Contracts with Discretionary Participation Features,Standard,Which of the following statements is TRUE about discounting in the measurement of Direct Participation Contracts under IFRS 17?,DPCs use locked-in discount rates for all adjustments,Adjustments to cash flows not based on underlying items are discounted using current rates,DPCs follow a special discounting method unique to these contracts,Discounting is not applicable to DPCs,Adjustments to cash flows not based on underlying items are discounted using current rates,IFRS 17 applies current discount rates for non-underlying item cash flow adjustments.,,,,,,,,,,,,
11,Investment Contracts with Discretionary Participation Features,Standard,How does the adjustment of the Contractual Service Margin (CSM) for financial risks differ between contracts with and without direct participation features under IFRS 17?,"Contracts with direct participation features adjust the CSM for changes in financial risk using the current interest curve, even if unrelated to future service.",Only contracts without direct participation features adjust the CSM for financial risks using the current discount rate.,"For both types of contracts, the CSM is adjusted using the locked-in interest rate.",Neither type of contract adjusts the CSM for financial risks unrelated to underlying items.,"Contracts with direct participation features adjust the CSM for changes in financial risk using the current interest curve, even if unrelated to future service.",DPCs reflect current financial assumptions in CSM adjustments unlike other contracts.,,,,,,,,,,,,
11,Investment Contracts with Discretionary Participation Features,Beginner,What is the appropriate IFRS 17 treatment when a Direct Participation Contract (DPC) is modified such that it no longer meets the definition of a DPC?,The contract continues to be treated as a DPC until expiry.,The contract is reclassified prospectively without derecognition.,"The original contract is derecognised, and a new contract is recognised based on the modified terms.",Only the CSM is adjusted to reflect the modification.,"The original contract is derecognised, and a new contract is recognised based on the modified terms.",Loss of DPC status requires derecognition and recognition of a new contract.,,,,,,,,,,,,
11,Investment Contracts with Discretionary Participation Features,Standard,Which of the following best describes an investment contract with discretionary participation features under IFRS 17?,A financial instrument that guarantees fixed returns and is always classified under IFRS 9.,A contract that gives the investor a right to additional amounts determined solely by market interest rates.,A unit-linked insurance contract with no discretionary elements.,A financial instrument providing the investor with a right to receive significant additional benefits that are contractually discretionary and based on returns or performance.,A financial instrument providing the investor with a right to receive significant additional benefits that are contractually discretionary and based on returns or performance.,Investment contracts with DPFs provide discretionary performance-based benefits and fall under IFRS 17.,,,,,,,,,,,,
11,Investment Contracts with Discretionary Participation Features,Beginner,"Under IFRS 17, what is the primary objective of investment contracts with discretionary participation features?",Reduce volatility,Reflect time value and uncertainty of cash flows,Maximise profit,Align with tax rules,Reflect time value and uncertainty of cash flows,"IFRS 17 focuses on current, market-consistent measurement of insurance obligations.",,,,,,,,,,,,
11,Investment Contracts with Discretionary Participation Features,Expert,Which assumption requires the highest level of judgement under Investment Contracts with Discretionary Participation Features?,Contract boundary,Discount rate determination,Policy count,Premium frequency,Discount rate determination,Discount rates require judgement to reflect characteristics of the insurance cash flows.,,,,,,,,,,,,
11,Investment Contracts with Discretionary Participation Features,Standard,How does a change in estimates affect the CSM under Investment Contracts with Discretionary Participation Features?,Always recognised in profit or loss,Always ignored,Adjusted against CSM if it relates to future service,Recognised as OCI only,Adjusted against CSM if it relates to future service,Changes related to future service adjust the CSM under IFRS 17.,,,,,,,,,,,,
11,Investment Contracts with Discretionary Participation Features,Standard,When would Investment Contracts with Discretionary Participation Features result in immediate profit or loss recognition?,At initial recognition of profitable contracts,When contracts become onerous,When premiums are received,Never,When contracts become onerous,Onerous contracts result in immediate loss recognition.,,,,,,,,,,,,
11,Investment Contracts with Discretionary Participation Features,Expert,What is the key disclosure requirement related to Investment Contracts with Discretionary Participation Features?,Only total revenue,Judgements and methods applied,Tax reconciliation,Dividend policy,Judgements and methods applied,IFRS 17 requires disclosure of key judgements and assumptions.,,,,,,,,,,,,
11,Investment Contracts with Discretionary Participation Features,Beginner,What is the purpose of IFRS 17?,Increase profits,Standardise insurance accounting,Reduce taxes,Eliminate judgement,Standardise insurance accounting,IFRS 17 provides a consistent framework for accounting for insurance contracts.,,,,,,,,,,,,
11,Investment Contracts with Discretionary Participation Features,Beginner,Which contracts are within the scope of IFRS 17?,Investment contracts only,Insurance contracts,Service contracts,Lease contracts,Insurance contracts,IFRS 17 applies to insurance contracts issued.,,,,,,,,,,,,
11,Investment Contracts with Discretionary Participation Features,Beginner,What does CSM represent?,Past losses,Unearned profit,Investment income,Risk margin,Unearned profit,CSM represents unearned profit recognised over service period.,,,,,,,,,,,,
11,Investment Contracts with Discretionary Participation Features,Beginner,What is an onerous contract?,Profitable contract,Contract with expected losses,Expired contract,Reinsured contract,Contract with expected losses,Onerous contracts have fulfilment cash flows exceeding premiums.,,,,,,,,,,,,
11,Investment Contracts with Discretionary Participation Features,Beginner,What is the contract boundary?,Policy term only,Point where insurer can reprice risk,Reinsurance limit,Coverage period,Point where insurer can reprice risk,Contract boundary defines which cash flows are included.,,,,,,,,,,,,
11,Investment Contracts with Discretionary Participation Features,Expert,How should changes in estimates relating to future service be treated?,Profit or loss,OCI,Adjust CSM,Ignore,Adjust CSM,Changes relating to future service adjust the CSM.,,,,,,,,,,,,
11,Investment Contracts with Discretionary Participation Features,Expert,When is a loss component established?,Initial recognition,When contract becomes onerous,At maturity,Never,When contract becomes onerous,Loss component is recognised for onerous groups.,,,,,,,,,,,,
11,Investment Contracts with Discretionary Participation Features,Expert,Which discount rate approach reflects asset yields adjusted for credit risk?,Bottom-up,Top-down,Historical,Locked-in,Top-down,Top-down approach starts with asset yields and adjusts.,,,,,,,,,,,,
11,Investment Contracts with Discretionary Participation Features,Expert,How are reinsurance recoveries recognised for onerous contracts?,Deferred,Ignored,Immediately recognised,OCI,Immediately recognised,IFRS 17 allows immediate recognition of reinsurance recoveries.,,,,,,,,,,,,
11,Investment Contracts with Discretionary Participation Features,Expert,What disclosure is required for significant judgements?,Optional,Not required,Mandatory,Only quantitative,Mandatory,IFRS 17 requires disclosure of significant judgements.,,,,,,,,,,,,
12,Modification and Derecognition of Insurance Contracts,Standard,When is a contract considered modified under IFRS 17?,When it is extended,When contractual cash flows change,When insurer and policyholder agree on new terms,When premiums change,When contractual cash flows change,"A contract is modified when the terms change in a way that affects fulfilment cash flows, not just administrative details.",,,,,,,,,,,,
12,Modification and Derecognition of Insurance Contracts,Standard,What is the first step when assessing a contract modification under IFRS 17?,Recognize as new contract,Adjust the CSM,Assess whether modification is substantial,Update the risk adjustment,Assess whether modification is substantial,The insurer must first assess whether the modification significantly changes the contract terms.,,,,,,,,,,,,
12,Modification and Derecognition of Insurance Contracts,Standard,"If a contract modification results in substantially different terms, what is the accounting treatment?",Adjust liability only,Derecognize old and recognize new contract,Adjust insurance revenue,Disclose in notes only,Derecognize old and recognize new contract,Substantial modifications require derecognition of the old contract and recognition of a new one.,,,,,,,,,,,,
12,Modification and Derecognition of Insurance Contracts,Standard,What is the impact on CSM if a modification is not substantial?,It is reversed,It is remeasured,It is released to profit,It is written off,It is remeasured,"For non-substantial modifications, the CSM is adjusted without derecognition.",,,,,,,,,,,,
12,Modification and Derecognition of Insurance Contracts,Beginner,"Under IFRS 17, what causes derecognition of an insurance contract?",Claims payment,Expiry of coverage,Settlement or cancellation,Change in accounting policy,Settlement or cancellation,"Derecognition occurs when the insurer’s obligation ends, such as settlement or cancellation.",,,,,,,,,,,,
12,Modification and Derecognition of Insurance Contracts,Standard,Which of the following changes is considered substantial?,Adding a new coverage type,Change in billing address,Change in payment date,Update to claims contact,Adding a new coverage type,Adding new coverage significantly alters the risk profile of the contract.,,,,,,,,,,,,
12,Modification and Derecognition of Insurance Contracts,Beginner,How is the carrying amount of the derecognized contract treated?,It is capitalized,It is transferred to reserves,It is removed from the balance sheet,It is restated,It is removed from the balance sheet,Derecognition removes the contract liability from the statement of financial position.,,,,,,,,,,,,
12,Modification and Derecognition of Insurance Contracts,Standard,How is a new contract initially recognized?,Based on old values,Using fair value,Using fulfilment cash flows at date of modification,Not recognized separately,Using fulfilment cash flows at date of modification,The new contract is measured using fulfilment cash flows at the modification date.,,,,,,,,,,,,
12,Modification and Derecognition of Insurance Contracts,Standard,How are derecognised contracts due to full settlement treated?,CSM is amortized,Recognize gain/loss,Asset revaluation,Insurance revenue restated,Recognize gain/loss,A gain or loss is recognized upon full settlement of the contract.,,,,,,,,,,,,
12,Modification and Derecognition of Insurance Contracts,Beginner,What is the primary difference between substantial and non-substantial modifications?,Impact on reinsurance,Change in timing of premium,Need for derecognition,Claims experience,Need for derecognition,Only substantial modifications require derecognition under IFRS 17.,,,,,,,,,,,,
12,Modification and Derecognition of Insurance Contracts,Standard,Which of the following is NOT a reason for derecognition?,Contract lapses,Contract is modified substantially,Policy is cancelled,Policyholder pays premium early,Policyholder pays premium early,Early premium payment does not extinguish the insurer’s obligation.,,,,,,,,,,,,
12,Modification and Derecognition of Insurance Contracts,Beginner,What is the derecognition criteria under IFRS 17 for insurance contract liabilities?,Legal cancellation,Transfer to another insurer,Extinguishment of obligation,Policyholder request,Extinguishment of obligation,Derecognition occurs when the insurer’s obligation is fully extinguished.,,,,,,,,,,,,
12,Modification and Derecognition of Insurance Contracts,Standard,What must be disclosed upon derecognition of a contract?,Nothing,Reason for derecognition and financial impact,Transition adjustments,Future premiums,Reason for derecognition and financial impact,IFRS 17 requires disclosure of both the reason and financial effect of derecognition.,,,,,,,,,,,,
12,Modification and Derecognition of Insurance Contracts,Beginner,Which modification would not be considered substantial?,Adding a new benefit,Removing a major risk cover,Changing claim limits significantly,Changing policyholder address,Changing policyholder address,Administrative changes do not materially affect contract terms.,,,,,,,,,,,,
12,Modification and Derecognition of Insurance Contracts,Expert,"If a contract modification changes expected cash flows only for part of a portfolio, how should IFRS 17 treat the modification?",Apply modification to all contracts in the portfolio,Assess materiality and adjust only affected contracts,Derecognize the whole portfolio,Ignore minor changes,Assess materiality and adjust only affected contracts,Modifications affecting only a subset of contracts require assessing materiality. Only the affected contracts’ CSM and fulfilment cash flows are adjusted; the rest remain unchanged.,,,,,,,,,,,,
12,Modification and Derecognition of Insurance Contracts,Expert,How should an insurer treat a modification that alters the timing but not the amount of premiums or benefits?,Always derecognize and recognize a new contract,Ignore the modification,Adjust CSM for time value changes only,Recognize gain/loss immediately,Adjust CSM for time value changes only,"IFRS 17 requires adjusting fulfilment cash flows and CSM for changes in timing (time value of money), but no derecognition occurs if cash flow amounts are unchanged.",,,,,,,,,,,,
12,Modification and Derecognition of Insurance Contracts,Expert,How is the day-1 gain/loss treated if a substantial modification results in immediate recognition of a new contract with favorable cash flows?,Recognized immediately in profit or loss,Deferred over the original contract term,Added to the old CSM,Recorded in OCI,Recognized immediately in profit or loss,"Substantial modifications derecognize the old contract and create a new contract. Any favorable day-1 gain from the new contract is recognized immediately in profit or loss, as it represents current expected profit.",,,,,,,,,,,,
13,Presentation in the Statement of Financial Position,Expert,How are changes in the risk adjustment presented if not disaggregated?,In other comprehensive income,Fully within the insurance service result,As a deferred liability,As finance income,Fully within the insurance service result,"If an entity does not choose to disaggregate changes in the risk adjustment, the full change is presented within the insurance service result as per IFRS 17 guidance.",,,,,,,,,,,,
13,Presentation in the Statement of Financial Position,Standard,"How should an entity present a group of contracts with a net obligation (i.e., expected outflows exceed inflows) in the statement of financial position?",As an asset,As a liability,Under equity,Offset against premiums receivable,As a liability,"Under IFRS 17, if fulfilment cash flows of a group of insurance contracts result in a net obligation, it is presented as a liability in the statement of financial position.",,,,,,,,,,,,
13,Presentation in the Statement of Financial Position,Beginner,How should an entity present insurance contracts issued in the statement of financial position?,Only when the contracts are profitable,Combined with acquisition cash flows only,"As either assets or liabilities, depending on the net fulfilment cash flows",Net of reinsurance recoverables,"As either assets or liabilities, depending on the net fulfilment cash flows","Insurance contracts are presented based on whether fulfilment cash flows result in a net asset or liability, providing clarity on the insurer’s financial position.",,,,,,,,,,,,
13,Presentation in the Statement of Financial Position,Standard,What drives the distinction between insurance revenue and insurance finance income/expenses?,Time value of money and discount rates,Policy type,Underwriting year,Geographical spread,Time value of money and discount rates,"Revenue reflects service delivery, while insurance finance income/expenses reflect economic effects from interest rates and the time value of money.",,,,,,,,,,,,
13,Presentation in the Statement of Financial Position,Expert,What is the appropriate presentation of acquisition costs related to a group of reinsurance contracts held?,Expensed immediately,Included in insurance service expenses,Reported under administrative expenses,Included in the carrying amount of reinsurance contracts held,Included in the carrying amount of reinsurance contracts held,"IFRS 17 requires acquisition cash flows related to reinsurance contracts held to be included in the carrying amount of the group, ensuring proper expense matching.",,,,,,,,,,,,
13,Presentation in the Statement of Financial Position,Beginner,Which of the following would most likely be presented as an insurance liability?,Deferred acquisition costs,Accrued interest income,Outstanding claims reserves,Expected future premium inflows,Outstanding claims reserves,Outstanding claims reserves represent obligations still owed by the insurer and are therefore presented as insurance liabilities.,,,,,,,,,,,,
13,Presentation in the Statement of Financial Position,Standard,"Under IFRS 17, how are insurance contract assets and liabilities presented in the Statement of Financial Position?",Offset against each other,Presented separately for each group of contracts,Presented net at the entity level,Combined and shown as a single line item,Presented separately for each group of contracts,IFRS 17 requires insurance contract assets and liabilities to be presented separately for each group and prohibits offsetting at the entity level.,,,,,,,,,,,,
13,Presentation in the Statement of Financial Position,Standard,What is the treatment of a group of onerous contracts in the SFP?,Recognized as a liability,Included under reinsurance,Recognized as an asset,Deferred to future periods,Recognized as a liability,Onerous contracts result in expected losses and must be recognized as liabilities in the statement of financial position under IFRS 17.,,,,,,,,,,,,
13,Presentation in the Statement of Financial Position,Beginner,Which IFRS 17 paragraph outlines the presentation requirements for the SFP?,IFRS 17.32,IFRS 17.109,IFRS 17.42,IFRS 17.78,IFRS 17.78,IFRS 17.78 outlines the requirement for separate presentation of insurance contract assets and liabilities in the statement of financial position.,,,,,,,,,,,,
13,Presentation in the Statement of Financial Position,Standard,Which of the following is not shown separately in IFRS 17 SFP presentation?,Insurance contract liabilities,Insurance contract assets,Deferred acquisition costs,Reinsurance contract assets,Deferred acquisition costs,"Under IFRS 17, deferred acquisition costs are not presented separately but are included within the measurement (fulfilment cash flows) of insurance contracts.",,,,,,,,,,,,
13,Presentation in the Statement of Financial Position,Beginner,What determines whether an insurance contract is presented as an asset or a liability under IFRS 17?,Policyholder type,Contract duration,Net fulfilment cash flows,Premium payment frequency,Net fulfilment cash flows,Insurance contracts are presented as assets or liabilities based on whether fulfilment cash flows result in net inflows or outflows.,,,,,,,,,,,,
13,Presentation in the Statement of Financial Position,Beginner,Where are reinsurance contracts held presented in the statement of financial position?,Netted against insurance contract liabilities,Under equity,Separately as reinsurance contract assets or liabilities,Included in insurance revenue,Separately as reinsurance contract assets or liabilities,IFRS 17 requires reinsurance contracts held to be presented separately from insurance contracts issued.,,,,,,,,,,,,
13,Presentation in the Statement of Financial Position,Beginner,Which component is included in the measurement of insurance contract liabilities rather than shown separately?,Outstanding claims,Deferred acquisition costs,Risk adjustment,Fulfilment cash flows,Deferred acquisition costs,Acquisition cash flows are included within fulfilment cash flows and not shown as a separate line item.,,,,,,,,,,,,
13,Presentation in the Statement of Financial Position,Beginner,What is the primary purpose of separate presentation of insurance contract assets and liabilities?,To simplify reporting,To align with tax reporting,To enhance transparency of financial position,To reduce volatility,To enhance transparency of financial position,Separate presentation improves clarity of an insurer’s financial position.,,,,,,,,,,,,
13,Presentation in the Statement of Financial Position,Beginner,Are insurance contract assets allowed to be offset against insurance contract liabilities?,Always allowed,Allowed only for the same product,Not allowed,Allowed at entity level,Not allowed,IFRS 17 prohibits offsetting to ensure transparency.,,,,,,,,,,,,
13,Presentation in the Statement of Financial Position,Expert,How should insurance contract assets and liabilities be aggregated for presentation purposes under IFRS 17?,By underwriting year,By portfolio only,By group of insurance contracts,At entity level,By group of insurance contracts,"Presentation follows the IFRS 17 unit of account, which is the group of insurance contracts.",,,,,,,,,,,,
13,Presentation in the Statement of Financial Position,Expert,How is the loss component of onerous contracts reflected in the statement of financial position?,Included within insurance revenue,Recognized within insurance contract liabilities,Presented as a separate equity reserve,Deferred until claims are incurred,Recognized within insurance contract liabilities,The loss component forms part of the insurance contract liability.,,,,,,,,,,,,
13,Presentation in the Statement of Financial Position,Expert,What presentation impact results from choosing to disaggregate insurance finance income or expenses?,Changes insurance revenue,Affects equity only,Determines presentation between profit or loss and OCI,Changes fulfilment cash flows,Determines presentation between profit or loss and OCI,The policy choice affects whether insurance finance income or expenses are split between P&L and OCI.,,,,,,,,,,,,
13,Presentation in the Statement of Financial Position,Expert,How are changes in estimates relating to future service reflected in the SFP?,Recognized immediately in equity,Adjust the CSM or liability,Presented as insurance finance income,Deferred indefinitely,Adjust the CSM or liability,Changes related to future service adjust the CSM or liability.,,,,,,,,,,,,
13,Presentation in the Statement of Financial Position,Expert,"When measuring reinsurance contracts held, how are expected recoveries from onerous insurance contracts presented?",As insurance revenue,As a separate asset in reinsurance contracts held,Offset against insurance liabilities,Included in OCI,As a separate asset in reinsurance contracts held,"IFRS 17 requires recognition of a gain on reinsurance contracts held, presented separately.",,,,,,,,,,,,
14,Insurance Service Result,Standard,What are the two main components an entity must disaggregate in the statement of financial performance?,Revenue and Expenses,Insurance Profit and Investment Return,Earned Premium and Unearned Premium,Insurance Service Result and Insurance Finance Income or Expenses,Insurance Service Result and Insurance Finance Income or Expenses,IFRS 17 requires disaggregation into Insurance Service Result and Insurance Finance Income or Expenses in the statement of financial performance.,,,,,,,,,,,,
14,Insurance Service Result,Standard,Which of the following is included in the insurance service result?,Change in risk adjustment for non-financial risk,Insurance revenue and insurance service expenses,Investment income,Premium refunds,Insurance revenue and insurance service expenses,The insurance service result comprises insurance revenue and insurance service expenses (Paragraph 83).,,,,,,,,,,,,
14,Insurance Service Result,Standard,How should an entity present income or expenses from reinsurance contracts held?,Separately from insurance contracts issued,Together with insurance contracts issued,Only in other comprehensive income,As a deferred liability,Separately from insurance contracts issued,Reinsurance contract results must be presented separately from insurance contracts issued (Paragraph 85).,,,,,,,,,,,,
14,Insurance Service Result,Standard,What should insurance revenue reflect?,Premiums received,Claims paid,The consideration expected in exchange for coverage and services,Cash flow timing,The consideration expected in exchange for coverage and services,Insurance revenue should depict the consideration to which the entity expects to be entitled for providing insurance coverage and services (Paragraph 83).,,,,,,,,,,,,
14,Insurance Service Result,Standard,Which of the following is NOT included in insurance service expenses?,Incurred claims,Investment components,Other incurred insurance service expenses,Amounts in paragraph 103(b),Investment components,Insurance service expenses exclude investment components (Paragraph 84).,,,,,,,,,,,,
14,Insurance Service Result,Expert,"When disaggregating the change in the risk adjustment for non-financial risk, what is required?",Mandatory allocation between finance and service result,No allocation is permitted,"Optional disaggregation; otherwise, include fully in the insurance service result",Include entirely in finance income,"Optional disaggregation; otherwise, include fully in the insurance service result","If not disaggregated, the entire change is included in the insurance service result (Paragraph 82).",,,,,,,,,,,,
14,Insurance Service Result,Standard,Which component may NOT be presented in profit or loss?,Premium information inconsistent with Paragraph 83,Insurance service expenses,Reinsurance income,Risk adjustment,Premium information inconsistent with Paragraph 83,Premium information should not be presented if inconsistent with how revenue is defined under Paragraph 83.,,,,,,,,,,,,
14,Insurance Service Result,Standard,What options does an entity have for presenting reinsurance contracts held?,Only as a single net amount,Only as individual line items,Either as a net amount or split into recovered amounts and premium allocations,As part of investment income,Either as a net amount or split into recovered amounts and premium allocations,An entity may present a net amount or separate amounts (recoveries and premium allocations) as long as they total the same net amount.,,,,,,,,,,,,
14,Insurance Service Result,Standard,"Under the Premium Allocation Approach (PAA), what is insurance revenue generally similar to?",Earned premium,Written premium,Total premiums received,Premium receivable,Earned premium,"Under PAA, insurance revenue is generally similar to earned premium over the coverage period.",,,,,,,,,,,,
14,Insurance Service Result,Expert,"Under the General Measurement Model (GMM), which of the following is NOT part of insurance service revenue?",Release of the Contractual Service Margin (CSM),Investment returns,Risk adjustment for non-financial risk,Recovery of acquisition cash flows,Investment returns,"Investment returns are excluded; insurance service revenue includes items such as CSM release, risk adjustment, and acquisition cash flow recovery.",,,,,,,,,,,,
14,Insurance Service Result,Standard,What are “losses on onerous contracts” classified as under IFRS 17?,Investment finance expenses,Deferred income,Premium liability,Insurance service expenses,Insurance service expenses,Losses on onerous contracts are part of insurance service expenses as they relate to future service obligations.,,,,,,,,,,,,
14,Insurance Service Result,Standard,What does IFRS 17 aim to achieve by separating service result and finance result?,Enhanced transparency and comparability,Compliance with local GAAP,Tax optimization,Maximizing investment returns,Enhanced transparency and comparability,IFRS 17 aims to enhance transparency and comparability by clearly separating insurance services from financial effects.,,,,,,,,,,,,
14,Insurance Service Result,Standard,What is the treatment of reinsurance-related cash flows contingent on claims?,Deferred revenue,Presented as part of claims recoverable,Included in insurance finance income,Excluded from the financial statements,Presented as part of claims recoverable,Such cash flows are presented as part of expected claims to be reimbursed under the reinsurance contract (Paragraph 86(a)).,,,,,,,,,,,,
14,Insurance Service Result,Expert,What is the effect of the reversal of losses on onerous contracts?,Increase in insurance finance income,Reduction in insurance service revenue,Decrease in liabilities and increase in insurance service result,Increase in insurance acquisition costs,Decrease in liabilities and increase in insurance service result,A reversal of losses on onerous contracts reduces liabilities and increases the insurance service result (Paragraph 84(c)).,,,,,,,,,,,,
15,Insurance Service Result,Standard,Insurance service result primarily reflects:,Financial market performance,Underwriting performance,Asset allocation decisions,Liquidity management,Underwriting performance,Insurance Service result isolates the performance of insurance services.,,,,,,,,,,,,
15,Insurance Finance Income or Expenses,Standard,What are Insurance Finance Income or Expenses (IFIE)?,Premiums and claims,Acquisition costs and investment income,Changes in non-financial assumptions,Time value of money and financial risk impacts,Time value of money and financial risk impacts,"IFIE represent changes in the carrying amount of insurance contracts due to the effect of the time value of money and financial risk, such as interest accretion and changes in discount rates.",,,,,,,,,,,,
15,Insurance Finance Income or Expenses,Standard,How can IFIE be presented in the statement of financial performance?,Either fully in P&L or disaggregated between P&L and OCI,Only in Profit or Loss (P&L),Only in Other Comprehensive Income (OCI),Only in the notes to the financial statements,Either fully in P&L or disaggregated between P&L and OCI,"IFRS 17 allows a policy choice: present all IFIE in P&L or disaggregate them between P&L and OCI, depending on the approach selected.",,,,,,,,,,,,
15,Insurance Finance Income or Expenses,Standard,Are there any exceptions to the general treatment of IFIE?,No exceptions,"Yes, for reinsurance contracts","Yes, for insurance contracts with direct participation features and certain assumptions that would adjust CSM but don’t","Yes, if the policyholder is a related party","Yes, for insurance contracts with direct participation features and certain assumptions that would adjust CSM but don’t","IFRS 17 excludes from IFIE those changes in financial assumptions that would adjust the contractual service margin (CSM) but do not do so due to application of specific paragraphs (45(b)(ii), etc.).",,,,,,,,,,,,
15,Insurance Finance Income or Expenses,Expert,"If the entity chooses to disaggregate IFIE between P&L and OCI, how should the disaggregation be made?",Based on actual market returns,Using a locked-in discount rate to allocate a portion to P&L,Arbitrarily,Based on revenue recognition patterns,Using a locked-in discount rate to allocate a portion to P&L,A systematic allocation using a locked-in discount rate at initial recognition is applied. The portion not recognized in P&L is reported in OCI.,,,,,,,,,,,,
15,Insurance Finance Income or Expenses,Expert,How should IFIE recorded in OCI be treated when a group of insurance contracts is transferred or derecognized (per paragraph 91)?,They are reversed in the next period,They are transferred to equity,They are reclassified to P&L if Option 2 under paragraph 88 was applied,They remain in OCI permanently,They are reclassified to P&L if Option 2 under paragraph 88 was applied,"If the disaggregation under paragraph 88(b) was used, the remaining OCI balance is reclassified to P&L as a reclassification adjustment.",,,,,,,,,,,,
15,Insurance Finance Income or Expenses,Expert,How should exchange differences on changes in the carrying amount of groups of insurance contracts be treated?,Always in OCI,Always in equity,Not recognized,"In P&L unless they relate to OCI-recorded IFIE, in which case they go to OCI","In P&L unless they relate to OCI-recorded IFIE, in which case they go to OCI","Under IAS 21, insurance contracts are monetary items. Exchange differences are included in P&L, except when they relate to amounts in OCI (then they stay in OCI).",,,,,,,,,,,,
15,Insurance Finance Income or Expenses,Standard,Which component is typically included in the effect of the time value of money under IFIE?,Expected claims,Acquisition costs,Interest accretion on insurance liabilities,Reinsurance asset recoveries,Interest accretion on insurance liabilities,"Interest accretion reflects the unwinding of the discount on insurance liabilities, part of the time value of money in IFIE.",,,,,,,,,,,,
15,Insurance Finance Income or Expenses,Expert,Which of the following best describes the treatment of IFIE for contracts with direct participation features?,Must always be presented in OCI,May be presented to eliminate mismatches with underlying items,Not applicable to participating contracts,Must always be presented in P&L,May be presented to eliminate mismatches with underlying items,Entities can choose to disaggregate IFIE in a way that eliminates accounting mismatches with underlying items.,,,,,,,,,,,,
15,Insurance Finance Income or Expenses,Expert,"If a group of contracts is derecognized and IFIE has been disaggregated under paragraph 89(b), what happens to amounts in OCI?",Remain in OCI,Transferred to P&L,Reversed,Transferred to retained earnings,Remain in OCI,"Under paragraph 91(b), OCI amounts from paragraph 89(b) are not reclassified to P&L.",,,,,,,,,,,,
15,Insurance Finance Income or Expenses,Standard,What type of financial risk would be reflected in IFIE?,Lapse risk,Currency risk,Inflation risk,Equity or interest rate risk impacting discount rates,Equity or interest rate risk impacting discount rates,"IFIE includes effects of financial risk, such as interest rate or equity risk, which influence the present value of insurance liabilities.",,,,,,,,,,,,
15,Insurance Finance Income or Expenses,Standard,Why might an entity choose to disaggregate IFIE between P&L and OCI?,To smooth earnings volatility,To avoid recognizing claims,To increase policyholder bonuses,To reduce insurance liabilities,To smooth earnings volatility,Disaggregation helps reduce volatility in P&L from market-driven movements in discount rates and financial assumptions.,,,,,,,,,,,,
15,Insurance Finance Income or Expenses,Expert,Which paragraph of IFRS 17 allows IFIE disaggregation for non-participating contracts?,Paragraph 30,Paragraph 88,Paragraph 45,Paragraph 135,Paragraph 88,Paragraph 88 provides the accounting policy choice for disaggregating IFIE for non-participating contracts.,,,,,,,,,,,,
15,Insurance Finance Income or Expenses,Standard,"When an entity opts to recognize all IFIE in P&L, the impact on OCI is",Neutral (no impact),Positive,Negative,Deferred to future periods,Neutral (no impact),"If all IFIE are recognized in P&L, there is no effect on OCI.",,,,,,,,,,,,
15,Insurance Finance Income or Expenses,Expert,Which type of insurance contract is most likely to involve disaggregation based on underlying item performance?,Group term life insurance,Non-participating whole life,Universal life insurance with direct participation features,Reinsurance contracts held,Universal life insurance with direct participation features,"Contracts with direct participation features (e.g., universal life tied to asset performance) often use disaggregation aligned with underlying items.",,,,,,,,,,,,
15,Insurance Finance Income or Expenses,Expert,IFIE disaggregation for DPF contracts mainly aims to:,Maximize equity,Eliminate accounting mismatches,Reduce capital requirements,Increase revenue,Eliminate accounting mismatches,"By choosing to disaggregate, the insurer can ensure that the finance income/expenses recognized in the P&L match the income/expenses produced by the assets backing those contracts.",,,,,,,,,,,,
